company_name,product_contract_link,product_end_date,product_id,product_name,product_price_link,product_sale_status,product_start_date,product_type
中国人寿,http://www.e-chinalife.com//files/policy2019/xinyingyisheng20190625.pdf,,,国寿鑫盈一生终身寿险,,在售,,
中国人寿,http://www.e-chinalife.com//files/policy2018/daaiwujiangtuanti20190319.pdf,,,国寿大爱无疆团体特定疾病保险,,在售,,
中国人寿,http://www.e-chinalife.com//files/policy2018/shaoerguoshoufuzhenxiangban20190227.pdf ,,,国寿少儿国寿福终身寿险（臻享版）,,在售,,
中国人寿,http://www.e-chinalife.com//files/policy2018/fujiashaoerguoshoufutiqianjifu20190227.pdf ,,,国寿附加少儿国寿福提前给付重大疾病保险（臻享版）,,在售,,
中国人寿,http://www.e-chinalife.com//files/policy2018/fujiaguoshoufutiqianjifu20190227.pdf ,,,国寿附加国寿福提前给付重大疾病保险（臻享版）,,在售,,
中国人寿,http://www.e-chinalife.com//files/policy2018/guoshoufuzhenxiangban20190227.pdf ,,,国寿福终身寿险（臻享版）,,在售,,
中国人寿,http://www.e-chinalife.com//files/policy2018/xinzunbaonianjinCshuoming20190227.pdf ,,,国寿鑫尊宝养老年金保险（万能型）（C款）产品说明书,,在售,,
中国人寿,http://www.e-chinalife.com//files/policy2018/xinzunbaonianjinC20190227.pdf ,,,国寿鑫尊宝养老年金保险（万能型）（C款）,,在售,,
中国人寿,http://www.e-chinalife.com//files/policy2018/xinzunbaozhongshen20190227.pdf ,,,国寿鑫尊宝终身寿险（万能型）（庆典版）,,在售,,
中国人寿,http://www.e-chinalife.com//files/policy2018/xinzunbaozhongshenshuoming20190227.pdf ,,,国寿鑫尊宝终身寿险（万能型）（庆典版）产品说明书,,在售,,
中国人寿,http://www.e-chinalife.com//files/policy2018/xinyumantang20190227.pdf  ,,,国寿鑫玉满堂年金保险（分红型）,,在售,,
中国人寿,http://www.e-chinalife.com//files/policy2018/xinyumantangshuoming20190227.pdf ,,,国寿鑫玉满堂年金保险（分红型）产品说明书,,在售,,
中国人寿,http://www.e-chinalife.com//files/policy2018/xinyushaoer20190227.pdf ,,,国寿鑫玉少儿年金保险（分红型）,,在售,,
中国人寿,http://www.e-chinalife.com//files/policy2018/xinyushaoershuoming20190227.pdf ,,,国寿鑫玉少儿年金保险（分红型）产品说明书,,在售,,
中国人寿,http://www.e-chinalife.com//files/policy2018/xinxiangjinshengB20190227.pdf ,,,国寿鑫享金生年金保险（B款）,,在售,,
中国人寿,http://www.e-chinalife.com//files/policy2018/xinxiangjinshengA20190227.pdf ,,,国寿鑫享金生年金保险（A款）,,在售,,
中国人寿,http://www.e-chinalife.com//files/policy2018/caifuchuanjiashuoming20190227.pdf ,,,国寿财富传家终身寿险（分红型）产品说明书,,在售,,
中国人寿,http://www.e-chinalife.com//files/policy2018/caifuchuanjia20190227.pdf ,,,国寿财富传家终身寿险（分红型）,,在售,,
中国人寿,http://www.e-chinalife.com//files/policy2018/xiangfubao20190227.pdf  ,,,国寿祥福保定期寿险,,在售,,
中国人寿,http://www.e-chinalife.com//files/policy2018/kangbeibao20190227.pdf,,,国寿康倍保定期重大疾病保险,,在售,,
中国人寿,http://www.e-chinalife.com//files/policy2018/youxiangjinshengnianjin20190218.pdf  ,,,国寿优享金生年金保险,,在售,,
中国人寿,http://www.e-chinalife.com//files/policy2018/meihaoshenghuoyibaotuantiyiliao20181214.pdf  ,,,国寿美好生活医保团体医疗保险,,在售,,
中国人寿,http://www.e-chinalife.com//files/policy2018/fujialeanbaohuomianzhongji20181204.pdf,,,国寿附加乐安宝豁免保险费重大疾病保险,,在售,,
中国人寿,http://www.e-chinalife.com//files/policy2018/xinfuhengyingnianjin20181204.pdf,,,国寿鑫福恒盈年金保险,,在售,,
中国人寿,http://www.e-chinalife.com//files/policy2018/xinfutianyingnianjin20181204.pdf,,,国寿鑫福添盈年金保险,,在售,,
中国人寿,http://www.e-chinalife.com//files/policy2018/xinxibaonianjinzunxiang20181204.pdf,,,国寿鑫禧宝年金保险（尊享版）,,在售,,
中国人寿,http://www.e-chinalife.com//files/policy2018/fujiaguangyushaoerjibing20181126.pdf,,,国寿附加广育人生少儿疾病保险,,在售,,
中国人寿,http://www.e-chinalife.com//files/policy2018/fujiachuangyuhuomianzhongji20181126.pdf,,,国寿附加广育人生豁免保险费重大疾病保险,,在售,,
中国人寿,http://www.e-chinalife.com//files/policy2018/shaoernianjinB20181126.pdf,,,国寿广育人生少儿年金保险（分红型）（B款）,,在售,,
中国人寿,http://www.e-chinalife.com//files/policy2018/shaoernianjinA20181126.pdf,,,国寿广育人生少儿年金保险（分红型）(A款）,,在售,,
中国人寿,http://www.e-chinalife.com//files/policy2018/zhenaixiangban20181126.pdf,,,国寿臻爱相伴定期寿险,,在售,,
中国人寿,http://www.e-chinalife.com//files/policy2018/xinyubaonianjin20181126.pdf,,,国寿鑫裕宝年金保险,,在售,,
中国人寿,http://www.e-chinalife.com//files/policy2018/xinfubaonianjin20181126.pdf,,,国寿鑫富宝年金保险,,在售,,
中国人寿,http://www.e-chinalife.com//files/policy2018/anxindaituanti20181024.pdf,,,国寿安心贷团体意外伤害保险,,在售,,
中国人寿,http://www.e-chinalife.com//files/policy2014/2014043.pdf,,,国寿老年人特定意外伤害保险,,在售,,
中国人寿,http://www.e-chinalife.com//files/policy2015/guanailaonianrentdjb.pdf,,,国寿关爱老年人特定疾病保险,,在售,,
中国人寿,http://www.e-chinalife.com//files/policy2015/guanainvxingtdjb.pdf,,,国寿关爱女性特定疾病保险,,在售,,
中国人寿,http://www.e-chinalife.com//files/policy2015/guanainanxingtdjb.pdf,,,国寿关爱男性特定疾病保险,,在售,,
中国人寿,http://www.e-chinalife.com//files/policy2015/guanaishaoertdjb.pdf,,,国寿关爱少儿特定疾病保险,,在售,,
中国人寿,http://www.e-chinalife.com//files/policy2018/guoshoufulumantangyouxiangshuoming20181010.pdf,,,国寿福禄满堂养老年金保险（分红型）（优享版）产品说明书,,在售,,
中国人寿,http://www.e-chinalife.com//files/policy2018/guoshoujinbaotimingshuoming20181010.pdf,,,国寿金榜题名少儿年金保险（分红型）产品说明书,,在售,,
中国人寿,http://www.e-chinalife.com//files/policy2018/guoshouanxinbaoshaoershuoming20181010.pdf,,,国寿安鑫宝少儿年金保险（分红型）产品说明书,,在售,,
中国人寿,http://www.e-chinalife.com//files/policy2018/guoshoushuishuiyingyingshuoming20181010.pdf,,,国寿岁岁盈少儿年金保险（分红型）产品说明书,,在售,,
中国人寿,http://www.e-chinalife.com//files/policy2018/guoshoufuruiankangzunxiangshuoming20181010.pdf,,,国寿福瑞安康年金保险（分红型）（尊享版）产品说明书,,在售,,
中国人寿,http://www.e-chinalife.com//files/policy2018/guoshoulvzhouzhuyuanbuchang20181010.pdf,,,国寿附加新绿舟住院费用补偿医疗保险,,在售,,
中国人寿,http://www.e-chinalife.com//files/policy2018/guoshoulvzhouyiwaibuyiB20181010.pdf,,,国寿附加新绿舟意外费用补偿医疗保险（B款）,,在售,,
中国人寿,http://www.e-chinalife.com//files/policy2018/guoshoulvzhouyiwaibuyiA20181010.pdf,,,国寿附加新绿舟意外费用补偿医疗保险（A款）,,在售,,
中国人寿,http://www.e-chinalife.com//files/policy2018/guoshoulvzhoutuantiB20181010.pdf,,,国寿新绿洲团体定期寿险（B款）,,在售,,
中国人寿,http://www.e-chinalife.com//files/policy/064.pdf,,,国寿销售精英团体养老年金保险（分红型）,,停售,,
中国人寿,http://www.e-chinalife.com//files/policy2018/hongkangA20181024.pdf,,,国寿鸿康两全保险（A款）（分红型）,,停售,,
中国人寿,http://www.e-chinalife.com//files/policy2018/nongcunxiaoetuanti20181024.pdf,,,国寿农村小额团体定期寿险（B型）,,停售,,
中国人寿,http://www.e-chinalife.com//files/policy2018/guoshouyanglaonianjin20181024.pdf,,,国寿养老年金保险,,停售,,
中国人寿,http://www.e-chinalife.com//files/policy2018/tuantinianjin20181024.pdf,,,团体年金保险,,停售,,
中国人寿,http://www.e-chinalife.com//files/policy/2018052425.pdf,,,国寿鑫盈年金保险（B款）,,停售,,
中国人寿,http://www.e-chinalife.com//files/policy/2018052424.pdf,,,国寿鑫盈年金保险（A款）,,停售,,
中国人寿,http://www.e-chinalife.com//files/policy/2018052423.pdf,,,国寿鑫福E生年金保险,,停售,,
中国人寿,http://www.e-chinalife.com//files/policy/2018052421.pdf,,,国寿保险金转换年金保险（豪华版）,,停售,,
中国人寿,http://www.e-chinalife.com//files/policy/2018052420.pdf,,,国寿如E两全保险（万能型）,,停售,,
中国人寿,http://www.e-chinalife.com//files/policy/2018052419.pdf,,,国寿附加安鑫长期意外伤害保险,,停售,,
中国人寿,http://www.e-chinalife.com//files/policy/2018052418.pdf,,,国寿稳泰团体年金保险（分红型）,,停售,,
中国人寿,http://www.e-chinalife.com//files/policy2018/guoshoulvzhoutuantiA20181010.pdf,,,国寿新绿洲团体定期寿险（A款）,,在售,,
中国人寿,http://www.e-chinalife.com//files/policy2018/guoshouxinlvzhouB20181010.pdf,,,国寿新绿舟定期寿险（B款）,,在售,,
中国人寿,http://www.e-chinalife.com//files/policy2018/guoshouxinlvzhouA20181010.pdf,,,国寿新绿舟定期寿险（A款）,,在售,,
中国人寿,http://www.e-chinalife.com//files/policy2018/guoshoulexuezhuyuanB20181010.pdf,,,国寿附加乐学无忧住院费用补偿医疗保险（B款）,,在售,,
中国人寿,http://www.e-chinalife.com//files/policy2018/guoshoulexuezhuyuanA20181010.pdf,,,国寿附加乐学无忧住院费用补偿医疗保险（A款）,,在售,,
中国人寿,http://www.e-chinalife.com//files/policy2018/guoshoulexuedingeyiiliaoB20181010.pdf,,,国寿附加乐学无忧住院定额给付医疗保险（B款）,,在售,,
中国人寿,http://www.e-chinalife.com//files/policy2018/guoshoulexuedingeyiiliaoA20181010.pdf,,,国寿附加乐学无忧住院定额给付医疗保险（A款）,,在售,,
中国人寿,http://www.e-chinalife.com//files/policy2018/guoshoulexuezhongjiA20181010.pdf,,,国寿附加乐学无忧重大疾病保险（A款）,,在售,,
中国人寿,http://www.e-chinalife.com//files/policy2018/guoshoulexueyiwaibuchangyiD20181010.pdf,,,国寿附加乐学无忧意外伤害费用补偿医疗保险（D款）,,在售,,
中国人寿,http://www.e-chinalife.com//files/policy2018/guoshoulexueyiwaibuchangyiC20181010.pdf,,,国寿附加乐学无忧意外伤害费用补偿医疗保险（C款）,,在售,,
中国人寿,http://www.e-chinalife.com//files/policy2018/guoshoulexueyiwaibuchangyiB20181010.pdf,,,国寿附加乐学无忧意外伤害费用补偿医疗保险（B款）,,在售,,
中国人寿,http://www.e-chinalife.com//files/policy2018/guoshoulexueyiwaibuchangyiA20181010.pdf,,,国寿附加乐学无忧意外伤害费用补偿医疗保险（A款）,,在售,,
中国人寿,http://www.e-chinalife.com//files/policy/2018052417.pdf,,,国寿康裕重大疾病保险（2007修订版）,,停售,,
中国人寿,http://www.e-chinalife.com//files/policy/2018052416.pdf,,,国寿金鑫两全保险（分红型）,,停售,,
中国人寿,http://www.e-chinalife.com//files/policy/2018052415.pdf,,,国寿康瑞团体补充医疗保险（账户管理型）,,停售,,
中国人寿,http://www.e-chinalife.com//files/policy/2018052414.pdf,,,国寿裕鑫两全保险（分红型）,,停售,,
中国人寿,http://www.e-chinalife.com//files/policy/2018052413.pdf,,,国寿附加豁免保险费定期寿险,,停售,,
中国人寿,http://www.e-chinalife.com//files/policy/2018052412.pdf,,,国寿鸿祥两全保险（分红型）,,停售,,
中国人寿,http://www.e-chinalife.com//files/policy/2018052411.pdf,,,国寿鸿盛终身保险（分红型）,,停售,,
中国人寿,http://www.e-chinalife.com//files/policy/2018052410.pdf,,,国寿鸿泰两全保险（分红型）,,停售,,
中国人寿,http://www.e-chinalife.com//files/policy/2018052409.pdf,,,国寿团体年金保险（补充养老保险型）,,停售,,
中国人寿,http://www.e-chinalife.com//files/policy/2018052407.pdf,,,国寿子女教育婚嫁备用金保险,,停售,,
中国人寿,http://www.e-chinalife.com//files/policy/2018052406.pdf,,,国寿养老金还本保险,,停售,,
中国人寿,http://www.e-chinalife.com//files/policy/2018052405.pdf,,,国寿松柏养老金保险,,停售,,
中国人寿,http://www.e-chinalife.com//files/policy2018/guoshoulexuewuyouB20181010.pdf,,,国寿乐学无忧定期寿险（B款）,,在售,,
中国人寿,http://www.e-chinalife.com//files/policy2018/guoshoulexuewuyouA20181010.pdf,,,国寿乐学无忧定期寿险（A款）,,在售,,
中国人寿,http://www.e-chinalife.com//files/policy2018/guoshoufulumantangyanglao20181010.pdf,,,国寿福禄满堂养老年金保险（分红型）（优享版）,,在售,,
中国人寿,http://www.e-chinalife.com//files/policy2018/guoshoufujiaguanaishaoer20181010.pdf,,,国寿附加关爱少儿疾病保险,,在售,,
中国人寿,http://www.e-chinalife.com//files/policy2018/guoshoujinbangtiming20181010.pdf,,,国寿金榜题名少儿年金保险（分红型）,,在售,,
中国人寿,http://www.e-chinalife.com//files/policy2018/guoshouanxinbaoshaoer20181010.pdf,,,国寿安鑫宝少儿年金保险（分红型）,,在售,,
中国人寿,http://www.e-chinalife.com//files/policy2018/guoshousuisuiyingshaoer20181010.pdf,,,国寿岁岁盈少儿年金保险（分红型）,,在售,,
中国人寿,http://www.e-chinalife.com//files/policy2018/guoshoulexinchuanfu20181010.pdf,,,国寿乐鑫传福终身寿险,,在售,,
中国人寿,http://www.e-chinalife.com//files/policy2018/guoshouxingwuyoudingqishou20181010.pdf,,,国寿附加行无忧定期寿险（专享版）,,在售,,
中国人寿,http://www.e-chinalife.com//files/policy2018/guoshouxingwuyoudingeyiliao20181010.pdf,,,国寿附加行无忧意外伤害住院定额给付医疗保险（专享版）,,在售,,
中国人寿,http://www.e-chinalife.com//files/policy2018/guoshouxingwuyou20181010.pdf,,,国寿行无忧两全保险（专享版）,,在售,,
中国人寿,http://www.e-chinalife.com//files/policy2018/guoshouaiwuyouyiwai20181010.pdf,,,国寿附加爱无忧长期意外伤害保险（专享版）,,在售,,
中国人寿,http://www.e-chinalife.com//files/policy/2018052404.pdf,,,国寿少儿两全保险,,停售,,
中国人寿,http://www.e-chinalife.com//files/policy/2018052403.pdf,,,国寿福馨两全保险,,停售,,
中国人寿,http://www.e-chinalife.com//files/policy/2018052402.pdf,,,国寿福瑞两全保险,,停售,,
中国人寿,http://www.e-chinalife.com//files/policy/2018052401.pdf,,,99鸿福终身保险生存金利息转保特约,,停售,,
中国人寿,http://www.e-chinalife.com//files/policy/2018052330.pdf,,,国寿鑫源两全保险（分红型）（A款）,,停售,,
中国人寿,http://www.e-chinalife.com//files/policy/2018052328.pdf,,,国寿安心宝少儿年金保险（分红型）,,停售,,
中国人寿,http://www.e-chinalife.com//files/policy/2018052327.pdf,,,国寿岁岁赢少儿年金保险（分红型）,,停售,,
中国人寿,http://www.e-chinalife.com//files/policy/2018052313.pdf,,,国寿富满今生年金保险（分红型）,,停售,,
中国人寿,http://www.e-chinalife.com//files/policy/2018052309.pdf,,,国寿盛世臻品年金保险（分红型）,,停售,,
中国人寿,http://www.e-chinalife.com//files/policy/2018052301.pdf,,,国寿福禄满堂养老年金保险（分红型）,,停售,,
中国人寿,http://www.e-chinalife.com//files/policy2018/20180103_49.pdf,,,国寿鑫禧一生年金保险（分红型）,,停售,,
中国人寿,http://www.e-chinalife.com//files/policy2018/20180103_48.pdf,,,国寿鑫耀一生年金保险（分红型）,,停售,,
中国人寿,http://www.e-chinalife.com//files/policy2018/guoshouaiwuyouhuomianzhongji20181010.pdf,,,国寿附加爱无忧豁免保险费重大疾病保险（专享版）,,在售,,
中国人寿,http://www.e-chinalife.com//files/policy2018/guoshoufujiaaiwuyou20181010.pdf,,,国寿附加爱无忧两全保险（专享版）,,在售,,
中国人寿,http://www.e-chinalife.com//files/policy2018/guoshouaiwuyouzhongji20181010.pdf,,,国寿爱无忧重大疾病保险（专享版）,,在售,,
中国人寿,http://www.e-chinalife.com//files/policy2018/guoshoufujiafuyouhuomian20181010.pdf,,,国寿附加福佑人生豁免保险费重大疾病保险,,在售,,
中国人寿,http://www.e-chinalife.com//files/policy2018/guoshoufuyouzhongji20181010.pdf,,,国寿福佑人生终身重大疾病保险,,在售,,
中国人寿,http://www.e-chinalife.com//files/policy2018/guoshoufujiaxinxianghongfuhuomian20181010.pdf,,,国寿附加鑫享鸿福豁免保险费重大疾病保险,,在售,,
中国人寿,http://www.e-chinalife.com//files/policy2018/guoshoufujiaxinxianghongfuyiwai20181010.pdf,,,国寿附加鑫享鸿福长期意外伤害保险,,在售,,
中国人寿,http://www.e-chinalife.com//files/policy2018/guoshoufujiaxinxianghongfudingqi20181010.pdf,,,国寿附加鑫享鸿福定期寿险,,在售,,
中国人寿,http://www.e-chinalife.com//files/policy2018/guoshoufujiaxinxianghongfushaoer20181010.pdf,,,国寿附加鑫享鸿福少儿特定疾病保险,,在售,,
中国人寿,http://www.e-chinalife.com//files/policy2018/guoshoufujiaxinxianghongfunv20181010.pdf,,,国寿附加鑫享鸿福女性特定疾病保险,,在售,,
中国人寿,http://www.e-chinalife.com//files/policy2018/guoshoufujiaxinxianghongfunan20181010.pdf,,,国寿附加鑫享鸿福男性特定疾病保险,,在售,,
中国人寿,http://www.e-chinalife.com//files/policy2018/guoshouxinxianghongfu20181010.pdf,,,国寿鑫享鸿福年金保险,,在售,,
中国人寿,http://www.e-chinalife.com//files/policy2018/20180103_46.pdf,,,国寿盛世延年养老年金保险（分红型）,,停售,,
中国人寿,http://www.e-chinalife.com//files/policy2018/20180103_42.pdf,,,国寿盛世臻享年金保险（分红型）,,停售,,
中国人寿,http://www.e-chinalife.com//files/policy2018/20180103_41.pdf,,,国寿盛世尊享年金保险（分红型）,,停售,,
中国人寿,http://www.e-chinalife.com//files/policy2018/20180103_40.pdf,,,国寿附加福瑞安康意外伤害住院定额给付医疗保险（优享版）,,停售,,
中国人寿,http://www.e-chinalife.com//files/policy2018/20180103_39.pdf,,,国寿附加福瑞安康豁免保险费疾病保险（优享版）,,停售,,
中国人寿,http://www.e-chinalife.com//files/policy2018/20180103_38.pdf,,,国寿附加福瑞安康提前给付重大疾病保险（优享版）,,停售,,
中国人寿,http://www.e-chinalife.com//files/policy2018/20180103_37.pdf,,,国寿福瑞安康年金保险（分红型）（优享版）,,停售,,
中国人寿,http://www.e-chinalife.com//files/policy2017/20170726_32.pdf,,,国寿康宁少儿疾病保险,,停售,,
中国人寿,http://www.e-chinalife.com//files/policy2017/20170726_31.pdf,,,国寿康宁少儿年金保险,,停售,,
中国人寿,http://www.e-chinalife.com//files/policy2017/20170726_27.pdf,,,国寿附加福瑞安康意外伤害住院定额给付医疗保险,,停售,,
中国人寿,http://www.e-chinalife.com//files/policy2017/20170726_26.pdf,,,国寿附加福瑞安康豁免保险费疾病保险,,停售,,
中国人寿,http://www.e-chinalife.com//files/policy2017/20170726_25.pdf,,,国寿附加福瑞安康提前给付重大疾病保险,,停售,,
中国人寿,http://www.e-chinalife.com//files/policy2018/guoshoufujiakangailiangquan.pdf,,,国寿附加康爱两全保险,,在售,,
中国人寿,http://www.e-chinalife.com//files/policy2018/guoshoukangaiezhongliu20181010.pdf,,,国寿康爱恶性肿瘤疾病保险,,在售,,
中国人寿,http://www.e-chinalife.com//files/policy2018/guoshoufujiaruruiankangyiwai20181010.pdf,,,国寿附加福瑞安康意外伤害住院定额给付医疗保险（尊享版）,,在售,,
中国人寿,http://www.e-chinalife.com//files/policy2018/guoshoufujiafuruihuomian20181010.pdf,,,国寿附加福瑞安康豁免保险费疾病保险（尊享版）,,在售,,
中国人寿,http://www.e-chinalife.com//files/policy2018/guoshoufujiafuruizhongjizunxiang20181010.pdf,,,国寿附加福瑞安康提前给付重大疾病保险（尊享版）,,在售,,
中国人寿,http://www.e-chinalife.com//files/policy2018/guoshoufuruiankangzunxiang20181010.pdf,,,国寿福瑞安康年金保险（分红型）（尊享版）,,在售,,
中国人寿,http://www.e-chinalife.com//files/policy2018/guoshoufujiashaoer20181010.pdf,,,国寿附加少儿定期寿险,,在售,,
中国人寿,http://www.e-chinalife.com//files/policy2018/guoshounvxingankangA20181010.pdf,,,国寿女性安康疾病保险（A款）,,在售,,
中国人寿,http://www.e-chinalife.com//files/policy2018/guoshouhuixiangyishengzhongshenzhongji20181010.pdf,,,国寿惠享一生终身重大疾病保险,,在售,,
中国人寿,http://www.e-chinalife.com//files/policy2018/xinzunbaonianjinA20180710.pdf,,,国寿鑫尊宝终身寿险（万能型）（A款）产品说明书,,在售,,
中国人寿,http://www.e-chinalife.com//files/policy2018/xinzunbaonianjinB20180710.pdf,,,国寿鑫尊宝年金保险（万能型）（B款）产品说明书,,在售,,
中国人寿,http://www.e-chinalife.com//files/policy2018/xinyuanbaonianjinlehui20180710.pdf,,,国寿鑫缘宝年金保险（万能型）（乐惠版）产品说明书,,在售,,
中国人寿,http://www.e-chinalife.com//files/policy2017/20170726_24.pdf,,,国寿福瑞安康年金保险（分红型）,,停售,,
中国人寿,http://www.e-chinalife.com//files/policy2017/20170726_23.pdf,,,国寿鑫账户年金保险（万能型）（惠享版）,,停售,,
中国人寿,http://www.e-chinalife.com//files/policy2017/20170726_22.pdf,,,国寿鑫账户年金保险（万能型）（卓越版）,,停售,,
中国人寿,http://www.e-chinalife.com//files/policy2017/20170726_21.pdf,,,国寿鸿福至尊年金保险（分红型）,,停售,,
中国人寿,http://www.e-chinalife.com//files/policy2017/20170726_20.pdf,,,国寿鑫悦一生年金保险（分红型）,,停售,,
中国人寿,http://www.e-chinalife.com//files/policy2017/20170726_06.pdf,,,国寿鑫惠宝年金保险,,停售,,
中国人寿,http://www.e-chinalife.com//files/policy2017/20170726_34.pdf,,,国寿鑫缘宝年金保险（万能型）（乐享版）,,停售,,
中国人寿,http://www.e-chinalife.com//files/policy2016/xinfubaonianjin.pdf,,,国寿鑫福宝年金保险,,停售,,
中国人寿,http://www.e-chinalife.com//files/policy2016/fujiaxinfubao.pdf,,,国寿附加鑫福宝定期寿险,,停售,,
中国人寿,http://www.e-chinalife.com//files/policy2016/xinzhanghu_bojin.pdf,,,国寿鑫账户年金保险（万能型）（铂金版）,,停售,,
中国人寿,http://www.e-chinalife.com//files/policy2016/xinfuyingjianianjin_fenhong.pdf,,,国寿鑫福赢家年金保险（分红型）,,停售,,
中国人寿,http://www.e-chinalife.com//files/policy2016/xinfuyingjianianjin.pdf,,,国寿鑫福赢家年金保险,,停售,,
中国人寿,http://www.e-chinalife.com//files/policy2018/xiaoshoujingyingtuantiyanglao20180710.pdf,,,国寿销售精英团体养老年金保险（分红型）产品说明书,,在售,,
中国人寿,http://www.e-chinalife.com//files/policy2018/nongcunganbutuantiyanglao20180710.pdf,,,国寿农村干部团体养老年金保险（分红型）产品说明书,,在售,,
中国人寿,http://www.e-chinalife.com//files/policy2018/kangningzhongshengshouwannneng20180710.pdf,,,国寿康宁终身寿险（万能型）产品说明书,,在售,,
中国人寿,http://www.e-chinalife.com//files/policy2018/shuishouyouhuijiankangB20180710.pdf,,,国寿个人税收优惠型健康保险（万能型）B款（2016版）产品说明书,,在售,,
中国人寿,http://www.e-chinalife.com//files/policy2018/shuishouyouhuijiankangA20180710.pdf,,,国寿个人税收优惠型健康保险（万能型）A款（2016版）产品说明书,,在售,,
中国人寿,http://www.e-chinalife.com//files/policy2018/shuishoudiyanxingB120180710.pdf,,,国寿个人税收递延型养老年金保险B1款（2018版）产品说明书,,在售,,
中国人寿,http://www.e-chinalife.com//files/policy2018/shuishoudiyanxingA20180710.pdf,,,国寿个人税收递延型养老年金保险A款（2018版）产品说明书,,在售,,
中国人寿,http://www.e-chinalife.com//files/policy2018/zhengdinongmingB20180710.pdf,,,国寿被征地农民团体年金保险（B型）（分红型）产品说明书,,在售,,
中国人寿,http://www.e-chinalife.com//files/policy2018/fujiaguoshoufuchangqiyiwai20180706.pdf,,,国寿附加国寿福长期意外伤害保险（优享版）,,在售,,
中国人寿,http://www.e-chinalife.com//files/policy2018/fujiaguoshoufuhuomianyouxiang20180706.pdf,,,国寿附加国寿福豁免保险费重大疾病保险（优享版）,,在售,,
中国人寿,http://www.e-chinalife.com//files/policy2018/fujiashaoeryouxianghuomian20180706.pdf,,,国寿附加少儿国寿福豁免保险费疾病保险（优享版）,,在售,,
中国人寿,http://www.e-chinalife.com//files/policy2018/fujiashaoerguoshoufuzhongjiyouxiang20180706.pdf,,,国寿附加少儿国寿福提前给付重大疾病保险（优享版）,,在售,,
中国人寿,http://www.e-chinalife.com//files/policy2015/zunyangyinianttnj.pdf,,,国寿尊养颐年团体年金保险,,停售,,
中国人寿,http://www.e-chinalife.com//files/policy2014/2014040.pdf,,,国寿鸿福稳盈年金保险（分红型）,,停售,,
中国人寿,http://www.e-chinalife.com//files/policy2013/2013107.pdf,,,国寿保险金转换年金保险（2014版）,,停售,,
中国人寿,http://www.e-chinalife.com//files/policy2013/2013013.pdf,,,国寿康盈团体补充医疗保险,,停售,,
中国人寿,http://www.e-chinalife.com//files/policy2011/jintaituantinianjin.pdf,,,国寿金泰团体年金保险（分红型）,,停售,,
中国人寿,http://www.e-chinalife.com/\files\policy2011\songheyinian.pdf,,,国寿松鹤颐年年金保险（分红型）,,停售,,
中国人寿,http://www.e-chinalife.com/\files\policy2011\meimanrenshengzhizunnianjin.pdf,,,国寿美满人生至尊版年金保险（分红型）,,停售,,
中国人寿,http://www.e-chinalife.com//files/policy/063.pdf,,,国寿稳健一生团体年金保险（万能型）,,停售,,
中国人寿,http://www.e-chinalife.com//files/policy/054.pdf,,,国寿康安团体补充医疗保险（2008版）,,停售,,
中国人寿,http://www.e-chinalife.com//files/policy/078.pdf,,,国寿美满人生年金保险（分红型）,,停售,,
中国人寿,http://www.e-chinalife.com//files/policy/060.pdf,,,国寿团体即期年金保险,,停售,,
中国人寿,http://www.e-chinalife.com//files/policy/074.pdf,,,国寿鸿禧年金保险（分红型）,,停售,,
中国人寿,http://www.e-chinalife.com//files/policy2018/shaoerguoshoufu20180706.pdf,,,国寿少儿国寿福终身寿险（优享版）,,在售,,
中国人寿,http://www.e-chinalife.com//files/policy2018/fujiaguoshoufuhuomian20180706.pdf,,,国寿附加国寿福豁免保险费疾病保险（优享版）,,在售,,
中国人寿,http://www.e-chinalife.com//files/policy2018/fujiaguoshoufuzhongji20180706.pdf,,,国寿附加国寿福提前给付重大疾病保险（优享版）,,在售,,
中国人寿,http://www.e-chinalife.com//files/policy2018/guoshoufuzhongsheng20180706.pdf,,,国寿福终身寿险（优享版）,,在售,,
中国人寿,http://www.e-chinalife.com//files/policy2018/shuishoudiyanjiben20180706.pdf,,,国寿个人税收递延型养老年金保险（2018版）产品基本条款,,在售,,
中国人寿,http://www.e-chinalife.com//files/policy2018/shuishoudiyanB12018070620180706.pdf,,,国寿个人税收递延型养老年金保险B1款（2018版）,,在售,,
中国人寿,http://www.e-chinalife.com//files/policy2018/shuishoudiyanA20180706.pdf,,,国寿个人税收递延型养老年金保险A款（2018版）,,在售,,
中国人寿,http://www.e-chinalife.com//files/policy2018/fujiakangningliangquan20180706.pdf,,,国寿附加康宁少儿两全保险,,在售,,
中国人寿,http://www.e-chinalife.com//files/policy2018/kangningshaoerzhongji20180706.pdf,,,国寿康宁少儿重大疾病保险,,在售,,
中国人寿,http://www.e-chinalife.com//files/policy2018/zunxiangkangjian20180706.pdf,,,国寿尊享康健重大疾病保险,,在售,,
中国人寿,http://www.e-chinalife.com//files/policy2018/huixibao20180706.pdf,,,国寿惠禧宝年金保险,,在售,,
中国人寿,http://www.e-chinalife.com//files/policy2018/anxindaiA20180706.pdf,,,国寿安心贷借款人定期寿险（A款）,,在售,,
中国人寿,http://www.e-chinalife.com//files/policy/004.pdf,,,国寿保险金转换年金保险,,停售,,
中国人寿,http://www.e-chinalife.com//files/policy/058.pdf,,,国寿团体补充医疗保险（基金型）,,停售,,
中国人寿,http://www.e-chinalife.com//files/policy/027.pdf,,,国寿鸿寿年金保险（分红型）,,停售,,
中国人寿,http://www.e-chinalife.com//files/policy/061.pdf,,,国寿团体终身寿险,,停售,,
中国人寿,http://www.e-chinalife.com//files/policy2017/20170726_40.pdf,,,国寿鑫如意年金保险（分红型）（铂金版）,,停售,,
中国人寿,http://www.e-chinalife.com//files/policy2017/20170726_39.pdf,,,国寿附加长期意外保障定期寿险（E款）,,停售,,
中国人寿,http://www.e-chinalife.com//files/policy2017/20170726_38.pdf,,,国寿附加长期意外保障定期寿险（D款）,,停售,,
中国人寿,http://www.e-chinalife.com//files/policy2017/20170726_37.pdf,,,国寿附加长期意外保障定期寿险（C款）,,停售,,
中国人寿,http://www.e-chinalife.com//files/policy2017/20170726_36.pdf,,,国寿附加长期意外保障定期寿险（B款）,,停售,,
中国人寿,http://www.e-chinalife.com//files/policy2017/20170726_35.pdf,,,国寿附加长期意外保障定期寿险（A款）,,停售,,
中国人寿,http://www.e-chinalife.com//files/policy2017/20170726_30.pdf,,,国寿附加防癌两全保险（优享版）,,停售,,
中国人寿,http://www.e-chinalife.com//files/policy2017/20170726_05.pdf,,,国寿乐居宝两全保险（尊享版）,,停售,,
中国人寿,http://www.e-chinalife.com//files/policy2018/fujiajixiangliangquan20180706.pdf,,,国寿附加吉祥两全保险,,在售,,
中国人寿,http://www.e-chinalife.com//files/policy2018/jixianghuli20180706.pdf,,,国寿吉祥护理保险,,在售,,
中国人寿,http://www.e-chinalife.com//files/policy2018/fujiakangningyiwai20180706.pdf,,,国寿附加康宁长期意外伤害保险,,在售,,
中国人寿,http://www.e-chinalife.com//files/policy2018/ruebaozonghe20180706.pdf,,,国寿如E保综合意外伤害保险,,在售,,
中国人寿,http://www.e-chinalife.com//files/policy2018/muyingankangA20180706.pdf,,,国寿母婴安康意外伤害保险（A款）,,在售,,
中国人寿,http://www.e-chinalife.com//files/policy2018/fujiayiwaifeiyongbuchangB201320180706.pdf,,,国寿附加学生儿童意外伤害费用补偿医疗保险（B款）（2013版）,,在售,,
中国人寿,http://www.e-chinalife.com//files/policy2018/fujiayiwaifeiyongbuchang201320180706.pdf,,,国寿附加学生儿童意外伤害费用补偿医疗保险（A款）（2013版）,,在售,,
中国人寿,http://www.e-chinalife.com//files/policy2018/fujiaxueshengertongzhuyuanfeiyongB20180706.pdf,,,国寿附加学生儿童住院费用补偿医疗保险（B款）,,在售,,
中国人寿,http://www.e-chinalife.com//files/policy2018/fujiaxueshengyiwaishanghaiB20180706.pdf,,,国寿附加学生儿童意外伤害费用补偿医疗保险（B款）,,在售,,
中国人寿,http://www.e-chinalife.com//files/policy2018/fujiaxueshengjibingzhuyuanB20180706.pdf,,,国寿附加学生儿童疾病住院费用补偿医疗保险（B款）,,在售,,
中国人寿,http://www.e-chinalife.com//files/policy2018/lvzhoudingqishouxian20180706.pdf,,,国寿绿舟定期寿险,,在售,,
中国人寿,http://www.e-chinalife.com//files/policy2018/fujiaxueshengertongzhuyuanfeiyongbuchangA20180706.pdf,,,国寿附加学生儿童住院费用补偿医疗保险（A款）,,在售,,
中国人寿,http://www.e-chinalife.com//files/policy2017/20170726_03.pdf,,,国寿乐鑫宝终身寿险（尊享版）,,停售,,
中国人寿,http://www.e-chinalife.com//files/policy2016/xinfujinshengliangquan.pdf,,,国寿鑫福今生两全保险（分红型）,,停售,,
中国人寿,http://www.e-chinalife.com//files/policy2016/2016_16.pdf,,,国寿附加康宁长期意外保障定期寿险,,停售,,
中国人寿,http://www.e-chinalife.com//files/policy2016/2016_11.pdf,,,国寿鑫账户两全保险（万能型）（尊享版）,,停售,,
中国人寿,http://www.e-chinalife.com//files/policy2016/2016_09.pdf,,,国寿鑫福一生两全保险（分红型）,,停售,,
中国人寿,http://www.e-chinalife.com//files/policy2016/2016_10.pdf,,,国寿附加豁免保险费意外保障定期寿险,,停售,,
中国人寿,http://www.e-chinalife.com//files/policy2016/2016_05.pdf,,,国寿鸿福两全保险（分红型）,,停售,,
中国人寿,http://www.e-chinalife.com//files/policy2015/2015_20.pdf,,,国寿鑫账户两全保险（万能型）（钻石版）条款,,停售,,
中国人寿,http://www.e-chinalife.com//files/policy2015/2015_19.pdf,,,国寿鑫福年年养老年金保险利益条款,,停售,,
中国人寿,http://www.e-chinalife.com//files/policy2015/2015_18.pdf,,,国寿鑫福年年年金保险利益条款,,停售,,
中国人寿,http://www.e-chinalife.com//files/policy2016/2016_03.pdf,,,国寿乐居宝两全保险,,停售,,
中国人寿,http://www.e-chinalife.com//files/policy2015/2015_06.pdf,,,国寿附加安欣无忧提前给付重大疾病保险（2015版）利益条款,,停售,,
中国人寿,http://www.e-chinalife.com//files/policy2018/fujiaxueshengshaoeryiwaishanghaiA20180706.pdf,,,国寿附加学生儿童意外伤害费用补偿医疗保险（A款）,,在售,,
中国人寿,http://www.e-chinalife.com//files/policy2018/fujiaxueshengshaoerjibingzhuyuan20180706.pdf,,,国寿附加学生儿童疾病住院费用补偿医疗保险,,在售,,
中国人寿,http://www.e-chinalife.com//files/policy2018/nongcunxiaoetuandidingqishouxian20180706.pdf,,,国寿农村小额团体定期寿险（A型）,,在售,,
中国人寿,http://www.e-chinalife.com//files/policy2018/lvzhoutuantidingqishouxian20180706.pdf,,,国寿绿洲团体定期寿险,,在售,,
中国人寿,http://www.e-chinalife.com//files/policy2018/fujialvzhouyiwaifeiyongbuchang20180706.pdf,,,国寿附加绿舟意外费用补偿医疗保险,,在售,,
中国人寿,http://www.e-chinalife.com//files/policy/2018052332.pdf,,,国寿康宁嘉保疾病保险,,在售,,
中国人寿,http://www.e-chinalife.com//files/policy/2018052331.pdf,,,中国人寿保险股份有限公司个人保险基本条款,,在售,,
中国人寿,http://www.e-chinalife.com//files/policy/2018052329.pdf,,,国寿美好生活医保团体补充医疗保险,,在售,,
中国人寿,http://www.e-chinalife.com//files/policy/2018052326.pdf,,,国寿康宁终身重大疾病保险（至尊版）,,在售,,
中国人寿,http://www.e-chinalife.com//files/policy/2018052325.pdf,,,国寿美好生活精准扶贫团体补充医疗保险,,在售,,
中国人寿,http://www.e-chinalife.com//files/policy/2018052324.pdf,,,国寿附加绿舟重大疾病保险（B款）,,在售,,
中国人寿,http://www.e-chinalife.com//files/policy/2018052323.pdf,,,国寿附加绿舟重大疾病保险（A款）,,在售,,
中国人寿,http://www.e-chinalife.com//files/policy2015/2015_05.pdf,,,国寿安欣无忧特定意外保障定期寿险保险利益条款,,停售,,
中国人寿,http://www.e-chinalife.com//files/policy2015/2015_04.pdf,,,国寿安欣无忧两全保险（分红型）（2015版）利益条款,,停售,,
中国人寿,http://www.e-chinalife.com//files/policy2015/2015_13.pdf,,,国寿康宁宝贝少儿两全保险利益条款,,停售,,
中国人寿,http://www.e-chinalife.com//files/policy2015/2015_12.pdf,,,国寿康宁宝贝少儿疾病保险利益条款,,停售,,
中国人寿,http://www.e-chinalife.com//files/policy2015/2015_07.pdf,,,国寿乐鑫宝终身寿险利益条款,,停售,,
中国人寿,http://www.e-chinalife.com//files/policy2015/ruixinliangquanfenhongdiancang.pdf,,,国寿瑞鑫两全保险（分红型）（典藏版）,,停售,,
中国人寿,http://www.e-chinalife.com//files/policy2015/fjruixintqjfzdjb.pdf,,,国寿附加瑞鑫提前给付重大疾病保险（典藏版）,,停售,,
中国人寿,http://www.e-chinalife.com//files/policy2015/xineliangquan.pdf,,,国寿鑫E两全保险（万能型）,,停售,,
中国人寿,http://www.e-chinalife.com//files/policy2015/2015_15.pdf,,,国寿乐行宝两全保险利益条款,,停售,,
中国人寿,http://www.e-chinalife.com//files/policy2015/2015_10.pdf,,,国寿附加乐行宝意外伤害住院定额给付医疗保险利益条款,,停售,,
中国人寿,http://www.e-chinalife.com//files/policy2015/2015_17.pdf,,,国寿如E贝贝少儿疾病保险利益条款,,停售,,
中国人寿,http://www.e-chinalife.com//files/policy2015/2015_11.pdf,,,国寿附加如E贝贝少儿两全保险利益条款,,停售,,
中国人寿,http://www.e-chinalife.com//files/policy/2018052322.pdf,,,国寿附加扶贫保住院费用补偿团体医疗保险（B款）,,在售,,
中国人寿,http://www.e-chinalife.com//files/policy/2018052321.pdf,,,国寿附加扶贫保住院费用补偿团体医疗保险（A款）,,在售,,
中国人寿,http://www.e-chinalife.com//files/policy/2018052320.pdf,,,国寿扶贫保团体重大疾病保险（B款）,,在售,,
中国人寿,http://www.e-chinalife.com//files/policy/2018052319.pdf,,,国寿扶贫保团体重大疾病保险（A款）,,在售,,
中国人寿,http://www.e-chinalife.com//files/policy/2018052318.pdf,,,国寿扶贫保团体定期寿险,,在售,,
中国人寿,http://www.e-chinalife.com//files/policy/2018052317.pdf,,,国寿附加广西学生住院费用补偿医疗保险（A款）,,在售,,
中国人寿,http://www.e-chinalife.com//files/policy/2018052316.pdf,,,国寿附加广西学生意外伤害门诊费用补偿医疗保险（A款）,,在售,,
中国人寿,http://www.e-chinalife.com//files/policy/2018052315.pdf,,,国寿附加广西学生伤残意外伤害保险（A款）,,在售,,
中国人寿,http://www.e-chinalife.com//files/policy/2018052314.pdf,,,国寿广西学生定期寿险（A款）,,在售,,
中国人寿,http://www.e-chinalife.com//files/policy/2018052312.pdf,,,国寿富满今生年金保险,,在售,,
中国人寿,http://www.e-chinalife.com//files/policy/2018052311.pdf,,,国寿宁波医保账户指定住院医疗保险,,在售,,
中国人寿,http://www.e-chinalife.com//files/policy/2018052310.pdf,,,国寿宁波医保账户重大疾病保险,,在售,,
中国人寿,http://www.e-chinalife.com//files/policy/2018052308.pdf,,,国寿江苏医保账户住院自费医疗保险,,在售,,
中国人寿,http://www.e-chinalife.com//files/policy/2018052307.pdf,,,国寿江苏医保账户重大疾病保险,,在售,,
中国人寿,http://www.e-chinalife.com//files/policy/2018052306.pdf,,,国寿附加豁免保险费意外伤害保险,,在售,,
中国人寿,http://www.e-chinalife.com//files/policy/2018052305.pdf,,,国寿全家福团体医疗保险,,在售,,
中国人寿,http://www.e-chinalife.com//files/policy/2018052304.pdf,,,国寿男性安康团体特定疾病保险,,在售,,
中国人寿,http://www.e-chinalife.com//files/policy/2018052303.pdf,,,国寿康元团体终身重大疾病保险,,在售,,
中国人寿,http://www.e-chinalife.com//files/policy/2018052302.pdf,,,国寿康惠团体终身重大疾病保险,,在售,,
中国人寿,http://www.e-chinalife.com//files/policy2018/20180103_75.pdf,,,国寿团体补充医疗保险（A型）,,在售,,
中国人寿,http://www.e-chinalife.com//files/policy2018/20180103_74.pdf,,,国寿附加小额意外费用补偿团体医疗保险,,在售,,
中国人寿,http://www.e-chinalife.com//files/policy2018/20180103_72.pdf,,,国寿团体医疗保险（2007版）,,在售,,
中国人寿,http://www.e-chinalife.com//files/policy2018/20180103_71.pdf,,,国寿康优全球团体医疗保险（B型）,,在售,,
中国人寿,http://www.e-chinalife.com//files/policy2018/20180103_70.pdf,,,国寿康健团体医疗保险,,在售,,
中国人寿,http://www.e-chinalife.com//files/policy2015/ruyisuixingliangquan.pdf,,,国寿如意随行两全保险,,停售,,
中国人寿,http://www.e-chinalife.com//files/policy2015/fjruyisuixingywshzydejfyl.pdf,,,国寿附加如意随行意外伤害住院定额给付医疗保险,,停售,,
中国人寿,http://www.e-chinalife.com//files/policy2015/yixiangjinshengnianjin.pdf,,,国寿颐享金生年金保险（分红型）,,停售,,
中国人寿,http://www.e-chinalife.com//files/policy2015/xiangyizhongshensx.pdf,,,国寿祥意终身寿险,,停售,,
中国人寿,http://www.e-chinalife.com//files/policy2015/exingzhongliujb.pdf,,,国寿恶性肿瘤疾病保险,,停售,,
中国人寿,http://www.e-chinalife.com//files/policy2015/xinnianjin.pdf,,,国寿鑫年金保险,,停售,,
中国人寿,http://www.e-chinalife.com//files/policy2014/2014047.pdf,,,国寿鑫易宝年金保险,,停售,,
中国人寿,http://www.e-chinalife.com//files/policy2014/2014036.pdf,,,国寿附加鑫易宝意外身故定期寿险,,停售,,
中国人寿,http://www.e-chinalife.com//files/policy2014/2014031.pdf,,,国寿附加防癌两全保险,,停售,,
中国人寿,http://www.e-chinalife.com//files/policy2014/2014034.pdf,,,国寿附加鸿福意外身故定期寿险,,停售,,
中国人寿,http://www.e-chinalife.com//files/policy2014/2014033.pdf,,,国寿附加鸿福定期寿险,,停售,,
中国人寿,http://www.e-chinalife.com//files/policy2013/2013106.pdf,,,国寿金如意年金保险（分红型）,,停售,,
中国人寿,http://www.e-chinalife.com//files/policy2013/2013109.pdf,,,国寿附加长期意外保障定期寿险,,停售,,
中国人寿,http://www.e-chinalife.com//files/policy2013/2013102.pdf,,,国寿鑫丰新两全保险（A款）,,停售,,
中国人寿,http://www.e-chinalife.com//files/policy2013/2013101.pdf,,,国寿康宁定期重大疾病保险（2013版）（B款）,,停售,,
中国人寿,http://www.e-chinalife.com//files/policy2013/2013100.pdf,,,国寿附加康宁两全保险（2013版）（B款）,,停售,,
中国人寿,http://www.e-chinalife.com//files/policy2013/2013016.pdf,,,国寿瑞鑫两全保险（分红型）（2013版）,,停售,,
中国人寿,http://www.e-chinalife.com//files/policy2013/2013014.pdf,,,国寿附加瑞鑫长期意外伤害保险（2013版）,,停售,,
中国人寿,http://www.e-chinalife.com//files/policy2013/2013015.pdf,,,国寿附加瑞鑫提前给付重大疾病保险（2013版）,,停售,,
中国人寿,http://www.e-chinalife.com//files/policy2011/fushouniannianliangquan.pdf,,,国寿福寿年年两全保险（分红型）,,停售,,
中国人寿,http://www.e-chinalife.com//files/policy2011/kangshunhuli.pdf,,,国寿康顺护理保险,,停售,,
中国人寿,http://www.e-chinalife.com//files/policy2013/2013005.pdf,,,国寿鑫裕护理保险,,停售,,
中国人寿,http://www.e-chinalife.com//files/policy2011/aixinliangquan.pdf,,,国寿爱心两全保险,,停售,,
中国人寿,http://www.e-chinalife.com//files/policy2011/aixinhuli.pdf,,,国寿爱心护理保险,,停售,,
中国人寿,http://www.e-chinalife.com//files/policy2018/20180103_69.pdf,,,国寿团体疾病费用补偿医疗保险,,在售,,
中国人寿,http://www.e-chinalife.com//files/policy2018/20180103_68.pdf,,,国寿神州紧急救援团体费用补偿医疗保险,,在售,,
中国人寿,http://www.e-chinalife.com//files/policy2018/20180103_67.pdf,,,国寿附加绿洲住院费用补偿团体医疗保险（2013版）,,在售,,
中国人寿,http://www.e-chinalife.com//files/policy2018/20180103_66.pdf,,,国寿附加绿洲住院定额给付团体医疗保险（2013版）,,在售,,
中国人寿,http://www.e-chinalife.com//files/policy2018/20180103_65.pdf,,,国寿附加绿洲重症监护定额给付团体医疗保险（2013版）,,在售,,
中国人寿,http://www.e-chinalife.com//files/policy2018/20180103_64.pdf,,,国寿附加绿洲意外住院定额给付团体医疗保险（2013版）,,在售,,
中国人寿,http://www.e-chinalife.com//files/policy2018/20180103_63.pdf,,,国寿附加绿洲意外费用补偿团体医疗保险（2013版）,,在售,,
中国人寿,http://www.e-chinalife.com//files/policy2018/20180103_62.pdf,,,国寿附加绿洲团体重大疾病保险（2013版）,,在售,,
中国人寿,http://www.e-chinalife.com//files/policy2018/20180103_61.pdf,,,国寿附加绿洲门诊费用补偿团体医疗保险（2013版）,,在售,,
中国人寿,http://www.e-chinalife.com//files/policy2018/20180103_60.pdf,,,国寿附加绿洲疾病住院费用补偿团体医疗保险（2013版）,,在售,,
中国人寿,http://www.e-chinalife.com//files/policy2018/20180103_59.pdf,,,国寿附加境外紧急救援团体医疗保险,,在售,,
中国人寿,http://www.e-chinalife.com//files/policy2018/20180103_58.pdf,,,国寿安宁意外骨折住院费用补偿医疗保险,,在售,,
中国人寿,http://www.e-chinalife.com//files/policy2018/20180103_57.pdf,,,国寿关爱女性生殖健康团体疾病保险,,在售,,
中国人寿,http://www.e-chinalife.com//files/policy2018/20180103_56.pdf,,,国寿女性安康团体疾病保险（A款）,,在售,,
中国人寿,http://www.e-chinalife.com//files/policy2018/20180103_55.pdf,,,国寿女性安康团体疾病保险,,在售,,
中国人寿,http://www.e-chinalife.com//files/policy2018/20180103_54.pdf,,,国寿附加综合团体医疗保险,,在售,,
中国人寿,http://www.e-chinalife.com//files/policy2018/20180103_50.pdf,,,国寿鑫彩一生年金保险,,在售,,
中国人寿,http://www.e-chinalife.com//files/policy2018/20180103_47.pdf,,,国寿盛世御享年金保险,,在售,,
中国人寿,http://www.e-chinalife.com//files/policy2018/20180103_45.pdf,,,国寿盛世传家终身寿险,,在售,,
中国人寿,http://www.e-chinalife.com//files/policy2018/20180103_44.pdf,,,国寿鑫尊宝年金保险（万能型）（B款）,,在售,,
中国人寿,http://www.e-chinalife.com//files/policy2018/20180103_43.pdf,,,国寿鑫尊宝终身寿险（万能型）（A款）,,在售,,
中国人寿,http://www.e-chinalife.com//files/policy2018/20180103_36.pdf,,,国寿附加康宁两全保险（优享版）,,在售,,
中国人寿,http://www.e-chinalife.com//files/policy2018/20180103_31.pdf,,,国寿附加广西学生伤残意外伤害保险,,在售,,
中国人寿,http://www.e-chinalife.com//files/policy2018/20180103_34.pdf,,,国寿鑫缘宝年金保险（万能型）（乐惠版）,,在售,,
中国人寿,http://www.e-chinalife.com//files/policy2011/aixinhehuzhuyuandingegeifu.pdf,,,国寿爱心呵护住院定额给付医疗保险,,停售,,
中国人寿,http://www.e-chinalife.com//files/policy2011/kangfuliangquan.pdf,,,国寿康福两全保险（分红型）,,停售,,
中国人寿,http://www.e-chinalife.com//files/policy2011/fujiakangfuzhongji.pdf,,,国寿附加康福重大疾病保险,,停售,,
中国人寿,http://www.e-chinalife.com//files/policy2011/fuluxinzunliangquan.pdf,,,国寿福禄鑫尊两全保险（分红型）,,停售,,
中国人寿,http://www.e-chinalife.com/\files\policy2011\anxinwuyouzhongdajibing.pdf,,,国寿附加安欣无忧提前给付重大疾病保险,,停售,,
中国人寿,http://www.e-chinalife.com/\files\policy2011\anxinwuyouyiwai.pdf,,,国寿安欣无忧长期意外伤害保险,,停售,,
中国人寿,http://www.e-chinalife.com/\files\policy2011\anxinwuyouliangquan.pdf,,,国寿安欣无忧两全保险（分红型）,,停售,,
中国人寿,http://www.e-chinalife.com/\files\policy2011\lvyinhehushaoerliangquan.pdf,,,国寿绿荫呵护少儿两全保险（分红型）,,停售,,
中国人寿,http://www.e-chinalife.com/\files\policy2011\lvyinhehushaoerzhongdajibing.pdf,,,国寿附加绿荫呵护少儿重大疾病保险,,停售,,
中国人寿,http://www.e-chinalife.com//files/policy2011/yucaishaoerliangquan.pdf,,,国寿育才少儿两全保险（分红型）,,停售,,
中国人寿,http://www.e-chinalife.com//files/policy2011/fulubaobao.pdf,,,国寿福禄宝宝两全保险（分红型）,,停售,,
中国人寿,http://www.e-chinalife.com//files/policy2011/xinhongtaijingdianban.pdf,,,国寿新鸿泰金典版两全保险（分红型）,,停售,,
中国人寿,http://www.e-chinalife.com//files/policy2011/fumanyisheng.pdf,,,国寿福满一生两全保险(分红型),,停售,,
中国人寿,http://www.e-chinalife.com//files/policy/fulujinzun.pdf,,,国寿福禄金尊两全保险(分红型),,停售,,
中国人寿,http://www.e-chinalife.com//files/policy/fuluchengxiang.pdf,,,国寿福禄呈祥两全保险（分红型）,,停售,,
中国人寿,http://www.e-chinalife.com//files/policy/xiangtaizhongshen.pdf,,,国寿祥泰终身寿险,,停售,,
中国人寿,http://www.e-chinalife.com//files/policy2011/xinhongtailiangquan.pdf,,,国寿新鸿泰两全保险（分红型）,,停售,,
中国人寿,http://www.e-chinalife.com//files/policy2014/2014025.pdf,,,国寿稳赢一生团体年金投资连结保险,,停售,,
中国人寿,http://www.e-chinalife.com//files/policy/015.pdf,,,国寿附加福禄尊享提前给付重大疾病保险,,停售,,
中国人寿,http://www.e-chinalife.com/\files\policy2011\fujiafulushuangxitiqianzhongji.pdf,,,国寿附加福禄双喜提前给付重大疾病保险,,停售,,
中国人寿,http://www.e-chinalife.com//files/policy/007.pdf,,,国寿福禄尊享两全保险（分红型）,,停售,,
中国人寿,http://www.e-chinalife.com/\files\policy2011\fulushuangxiliangquan.pdf,,,国寿福禄双喜两全保险（分红型）,,停售,,
中国人寿,http://www.e-chinalife.com//files/policy/077.pdf,,,国寿鸿盈两全保险（分红型）,,停售,,
中国人寿,http://www.e-chinalife.com//files/policy/051.pdf,,,国寿子女教育两全保险（B款）,,停售,,
中国人寿,http://www.e-chinalife.com//files/policy2018/20180103_33.pdf,,,国寿附加广西学生住院费用补偿医疗保险,,在售,,
中国人寿,http://www.e-chinalife.com//files/policy2018/20180103_32.pdf,,,国寿附加广西学生意外伤害门诊费用补偿医疗保险,,在售,,
中国人寿,http://www.e-chinalife.com//files/policy2018/20180103_35.pdf,,,国寿康宁定期重大疾病保险（优享版）,,在售,,
中国人寿,http://www.e-chinalife.com//files/policy2018/20180103_30.pdf,,,国寿广西学生定期寿险,,在售,,
中国人寿,http://www.e-chinalife.com//files/policy2018/20180103_29.pdf,,,国寿附加乐健宝重大疾病保险,,在售,,
中国人寿,http://www.e-chinalife.com//files/policy2018/20180103_28.pdf,,,国寿鑫禧宝年金保险,,在售,,
中国人寿,http://www.e-chinalife.com//files/policy2018/20180103_27.pdf,,,国寿鑫福稳盈年金保险,,在售,,
中国人寿,http://www.e-chinalife.com//files/policy2018/20180103_26.pdf,,,国寿大陆居民赴台旅行综合团体意外伤害保险,,在售,,
中国人寿,http://www.e-chinalife.com//files/policy2018/20180103_25.pdf,,,国寿境外紧急救援团体医疗保险,,在售,,
中国人寿,http://www.e-chinalife.com//files/policy2018/20180103_24.pdf,,,国寿附加E术贴两全保险,,在售,,
中国人寿,http://www.e-chinalife.com//files/policy2018/20180103_23.pdf,,,国寿E术贴手术住院定额给付医疗保险,,在售,,
中国人寿,http://www.e-chinalife.com//files/policy2018/20180103_22.pdf,,,国寿如E康悦百万医疗保险（C款),,在售,,
中国人寿,http://www.e-chinalife.com//files/policy2011/furuirensheng.pdf,,,国寿福瑞人生两全保险（分红型）,,停售,,
中国人寿,http://www.e-chinalife.com//files/policy/050.pdf,,,国寿子女教育两全保险（A款）,,停售,,
中国人寿,http://www.e-chinalife.com//files/policy/049.pdf,,,国寿英才少儿两全保险,,停售,,
中国人寿,http://www.e-chinalife.com//files/policy/037.pdf,,,国寿康宁定期重大疾病保险,,停售,,
中国人寿,http://www.e-chinalife.com//files/policy/026.pdf,,,国寿鸿盛终身寿险（分红型）,,停售,,
中国人寿,http://www.e-chinalife.com//files/policy/019.pdf,,,国寿附加康宁两全保险,,停售,,
中国人寿,http://www.e-chinalife.com//files/policy/016.pdf,,,国寿附加关爱一生长期医疗保险,,停售,,
中国人寿,http://www.e-chinalife.com//files/policy/008.pdf,,,国寿福星少儿两全保险（分红型）,,停售,,
中国人寿,http://www.e-chinalife.com//files/policy/068.pdf,,,国寿附加康友重大疾病保险,,停售,,
中国人寿,http://www.e-chinalife.com//files/policy/041.pdf,,,国寿农村小额定期寿险（B型）,,停售,,
中国人寿,http://www.e-chinalife.com//files/policy/067.pdf,,,国寿安享一生两全保险（分红型）,,停售,,
中国人寿,http://www.e-chinalife.com//files/policy/081.pdf,,,国寿智力人生两全保险（分红型）,,停售,,
中国人寿,http://www.e-chinalife.com//files/policy2018/20180103_21.pdf,,,国寿如E康悦百万医疗保险（B款),,在售,,
中国人寿,http://www.e-chinalife.com//files/policy2018/20180103_20.pdf,,,国寿如E康悦百万医疗保险（A款),,在售,,
中国人寿,http://www.e-chinalife.com//files/policy2018/20180103_19.pdf,,,国寿附加广佑人生豁免保险费重大疾病保险,,在售,,
中国人寿,http://www.e-chinalife.com//files/policy2018/20180103_18.pdf,,,国寿附加广佑人生两全保险,,在售,,
中国人寿,http://www.e-chinalife.com//files/policy2018/20180103_17.pdf,,,国寿广佑人生终身重大疾病保险,,在售,,
中国人寿,http://www.e-chinalife.com//files/policy2018/20180103_16.pdf,,,国寿康爱E生恶性肿瘤疾病保险,,在售,,
中国人寿,http://www.e-chinalife.com//files/policy2018/20180103_15.pdf,,,国寿鸿康嘉保疾病保险（B款）,,在售,,
中国人寿,http://www.e-chinalife.com//files/policy2018/20180103_14.pdf,,,国寿鸿康嘉保疾病保险（A款）,,在售,,
中国人寿,http://www.e-chinalife.com//files/policy2018/20180103_13.pdf,,,国寿团体护理保险,,在售,,
中国人寿,http://www.e-chinalife.com//files/policy2018/20180103_12.pdf,,,国寿青岛团体护理保险,,在售,,
中国人寿,http://www.e-chinalife.com//files/policy2018/20180103_11.pdf,,,国寿骑行无忧意外伤害保险,,在售,,
中国人寿,http://www.e-chinalife.com//files/policy2018/20180103_10.pdf,,,国寿附加如E贝贝少儿两全保险（尊享版）,,在售,,
中国人寿,http://www.e-chinalife.com//files/policy/080.pdf,,,国寿裕丰投资连结保险,,停售,,
中国人寿,http://www.e-chinalife.com//files/policy/072.pdf,,,国寿鸿富两全保险（分红型）,,停售,,
中国人寿,http://www.e-chinalife.com//files/policy/069.pdf,,,国寿鸿丰B两全保险（分红型）,,停售,,
中国人寿,http://www.e-chinalife.com//files/policy/045.pdf,,,国寿瑞鑫两全保险（分红型）,,停售,,
中国人寿,http://www.e-chinalife.com//files/policy/020.pdf,,,国寿附加瑞鑫提前给付重大疾病保险,,停售,,
中国人寿,http://www.e-chinalife.com//files/policy/034.pdf,,,国寿金彩明天两全保险（B款）（分红型）,,停售,,
中国人寿,http://www.e-chinalife.com//files/policy/033.pdf,,,国寿金彩明天两全保险（A款）（分红型）,,停售,,
中国人寿,http://www.e-chinalife.com//files/policy/047.pdf,,,国寿新简易人身两全保险,,停售,,
中国人寿,http://www.e-chinalife.com//files/policy/071.pdf,,,国寿鸿丰两全保险（分红型）（2005版）,,停售,,
中国人寿,http://www.e-chinalife.com//files/policy/024.pdf,,,国寿关爱一生终身寿险,,停售,,
中国人寿,http://www.e-chinalife.com//files/policy/031.pdf,,,国寿鸿裕两全保险（分红型）,,停售,,
中国人寿,http://www.e-chinalife.com//files/policy/070.pdf,,,国寿鸿丰两全保险（分红型）,,停售,,
中国人寿,http://www.e-chinalife.com//files/policy2018/20180103_09.pdf,,,国寿如E贝贝少儿疾病保险（尊享版）,,在售,,
中国人寿,http://www.e-chinalife.com//files/policy2018/20180103_08.pdf,,,国寿附加通泰交通团体意外住院定额给付医疗保险（2017版）,,在售,,
中国人寿,http://www.e-chinalife.com//files/policy2018/20180103_07.pdf,,,国寿附加通泰交通团体意外费用补偿医疗保险（2017版）,,在售,,
中国人寿,http://www.e-chinalife.com//files/policy2018/20180103_06.pdf,,,国寿通泰交通团体意外伤害保险（B款）（2017版）,,在售,,
中国人寿,http://www.e-chinalife.com//files/policy2018/20180103_05.pdf,,,国寿通泰交通团体意外伤害保险（A款）（2017版）,,在售,,
中国人寿,http://www.e-chinalife.com//files/policy2018/20180103_04.pdf,,,国寿境外旅行意外伤害保险（2015版）,,在售,,
中国人寿,http://www.e-chinalife.com//files/policy2018/20180103_03.pdf,,,国寿境外旅行团体意外伤害保险（2015版）,,在售,,
中国人寿,http://www.e-chinalife.com//files/policy2018/20180103_02.pdf,,,国寿境内旅行意外伤害保险（2015版）,,在售,,
中国人寿,http://www.e-chinalife.com//files/policy2018/20180103_01.pdf,,,国寿境内旅行团体意外伤害保险（2015版）,,在售,,
中国人寿,http://www.e-chinalife.com//files/policy2017/20170726_33.pdf,,,国寿附加重大自然灾害意外伤害保险（2017版）,,在售,,
中国人寿,http://www.e-chinalife.com//files/policy2017/20170726_29.pdf,,,国寿附加百万如意行意外伤害住院定额给付医疗保险,,在售,,
中国人寿,http://www.e-chinalife.com//files/policy2017/20170726_28.pdf,,,国寿百万如意行两全保险,,在售,,
中国人寿,http://www.e-chinalife.com//files/policy/073.pdf,,,国寿鸿泰两全保险（分红型）（2003版）,,停售,,
中国人寿,http://www.e-chinalife.com//files/policy/028.pdf,,,国寿鸿祥两全保险（分红型）（2003版）,,停售,,
中国人寿,http://www.e-chinalife.com//files/policy/030.pdf,,,国寿鸿宇两全保险（分红型）,,停售,,
中国人寿,http://www.e-chinalife.com//files/policy/029.pdf,,,国寿鸿鑫两全保险（分红型）,,停售,,
中国人寿,http://www.e-chinalife.com//files/policy/076.pdf,,,国寿鸿星少儿两全保险（分红型）,,停售,,
中国人寿,http://www.e-chinalife.com//files/policy/075.pdf,,,国寿鸿信消费信贷定期寿险,,停售,,
中国人寿,http://www.e-chinalife.com//files/policy/025.pdf,,,国寿鸿福相伴两全保险（分红型）,,停售,,
中国人寿,http://www.e-chinalife.com//files/policy/042.pdf,,,国寿千禧理财两全保险（分红型）,,停售,,
中国人寿,http://www.e-chinalife.com//files/policy/003.pdf,,,国寿99鸿福两全保险,,停售,,
中国人寿,http://www.e-chinalife.com//files/policy2015/2015_03.pdf,,,国寿鑫账户两全保险（万能型）,,停售,,
中国人寿,http://www.e-chinalife.com//files/policy_cp/xinruyinianjinbaijin.pdf,,,国寿鑫如意年金保险（白金版）利益条款,,停售,,
中国人寿,http://www.e-chinalife.com//files/policy_cp/jinzhanghuliangquanwanneng.pdf,,,国寿金账户两全保险（万能型）条款,,停售,,
中国人寿,http://www.e-chinalife.com//files/policy2017/20170726_19.pdf,,,国寿附加夕阳保意外费用补偿团体医疗保险,,在售,,
中国人寿,http://www.e-chinalife.com//files/policy2017/20170726_18.pdf,,,国寿夕阳保团体意外伤害保险,,在售,,
中国人寿,http://www.e-chinalife.com//files/policy2017/20170726_17.pdf,,,国寿附加扶贫保意外费用补偿团体医疗保险,,在售,,
中国人寿,http://www.e-chinalife.com//files/policy2017/20170726_16.pdf,,,国寿扶贫保团体意外伤害保险,,在售,,
中国人寿,http://www.e-chinalife.com//files/policy2017/20170726_15.pdf,,,国寿团体工伤意外伤害保险,,在售,,
中国人寿,http://www.e-chinalife.com//files/policy2017/20170726_14.pdf,,,国寿附加国寿福长期意外伤害保险（至尊版）,,在售,,
中国人寿,http://www.e-chinalife.com//files/policy2017/20170726_13.pdf,,,国寿附加国寿福豁免保险费重大疾病保险（至尊版）,,在售,,
中国人寿,http://www.e-chinalife.com//files/policy2017/20170726_12.pdf,,,国寿附加少儿国寿福豁免保险费疾病保险（至尊版）,,在售,,
中国人寿,http://www.e-chinalife.com//files/policy2017/20170726_11.pdf,,,国寿附加少儿国寿福提前给付重大疾病保险（至尊版）,,在售,,
中国人寿,http://www.e-chinalife.com//files/policy2017/20170726_10.pdf,,,国寿少儿国寿福终身寿险（至尊版）,,在售,,
中国人寿,http://www.e-chinalife.com//files/policy2017/20170726_09.pdf,,,国寿附加国寿福豁免保险费疾病保险（至尊版）,,在售,,
中国人寿,http://www.e-chinalife.com//files/policy2017/20170726_08.pdf,,,国寿附加国寿福提前给付重大疾病保险（至尊版）,,在售,,
中国人寿,http://www.e-chinalife.com//files/policy2013/2013108.pdf,,,国寿金账户年金保险（万能型）（豪华版）,,停售,,
中国人寿,http://www.e-chinalife.com//files/policy2013/2013017.pdf,,,国寿金账户年金保险（万能型）,,停售,,
中国人寿,http://www.e-chinalife.com//files/policy2011/ruiyingliangquan.pdf,,,国寿瑞盈两全保险（万能型）,,停售,,
中国人寿,http://www.e-chinalife.com//files/policy/065.pdf,,,国寿永利团体补充养老保险（万能型）,,停售,,
中国人寿,http://www.e-chinalife.com//files/policy/044.pdf,,,国寿瑞祥终身寿险（万能型）（B款）,,停售,,
中国人寿,http://www.e-chinalife.com//files/policy/043.pdf,,,国寿瑞祥终身寿险（万能型）（A款）,,停售,,
中国人寿,http://www.e-chinalife.com//files/policy/011.pdf,,,国寿附加安泰意外伤害保险,,停售,,
中国人寿,http://www.e-chinalife.com//files/policy/009.pdf,,,国寿附加安康提前给付重大疾病保险（A款）,,停售,,
中国人寿,http://www.e-chinalife.com//files/policy/010.pdf,,,国寿附加安康提前给付重大疾病保险（B款）,,停售,,
中国人寿,http://www.e-chinalife.com//files/policy/079.pdf,,,国寿瑞丰两全保险（万能型）,,停售,,
中国人寿,http://www.e-chinalife.com//files/policy/032.pdf,,,国寿鸿运少儿两全保险（分红型）,,停售,,
中国人寿,http://www.e-chinalife.com//files/policy/021.pdf,,,国寿个人养老年金保险（分红型）,,停售,,
中国人寿,http://www.e-chinalife.com//files/policy2017/20170726_07.pdf,,,国寿福终身寿险（至尊版）,,在售,,
中国人寿,http://www.e-chinalife.com//files/policy2017/20170726_04.pdf,,,国寿乐行宝两全保险（尊享版）,,在售,,
中国人寿,http://www.e-chinalife.com//files/policy2017/20170726_02.pdf,,,国寿上海医保账户住院自费医疗保险,,在售,,
中国人寿,http://www.e-chinalife.com//files/policy2017/20170726_01.pdf,,,国寿上海医保账户重大疾病保险,,在售,,
中国人寿,http://www.e-chinalife.com//files/policy2016/fujiahongkangliangquan_zunxiang.pdf,,,国寿附加鸿康两全保险（尊享版）,,在售,,
中国人寿,http://www.e-chinalife.com//files/policy2016/hongkangzhongji_zunxiang.pdf,,,国寿鸿康重大疾病保险（尊享版）,,在售,,
中国人寿,http://www.e-chinalife.com//files/policy2016/zhongshengjibing_zunxiang.pdf,,,国寿终身疾病保险（尊享版）,,在售,,
中国人寿,http://www.e-chinalife.com//files/policy2016/shaoerjibing_zunxiang.pdf,,,国寿少儿疾病保险（尊享版）,,在售,,
中国人寿,http://www.e-chinalife.com//files/policy2016/fujiazhongshengjibing_zunxiang.pdf,,,国寿附加终身疾病保险（尊享版）,,在售,,
中国人寿,http://www.e-chinalife.com//files/policy2016/fujiahuomianzhongji_zunxiang.pdf,,,国寿附加豁免保险费重大疾病保险（尊享版）,,在售,,
中国人寿,http://www.e-chinalife.com//files/policy2016/fujiahuomianshaoerjibing_zunxiang.pdf,,,国寿附加豁免保险费少儿疾病保险（尊享版）,,在售,,
中国人寿,http://www.e-chinalife.com//files/policy2016/xiangyuedingqishouxian.pdf,,,国寿祥悦定期寿险,,在售,,
中国人寿,http://www.e-chinalife.com//files/policy2014/2014014.pdf,,,国寿金账户两全保险（万能型）（2014版）,,停售,,
中国人寿,http://www.e-chinalife.com//files/policy2015/2015_16.pdf,,,国寿乐康宝特定恶性肿瘤疾病保险利益条款,,停售,,
中国人寿,http://www.e-chinalife.com//files/policy2011/anxinliangquan.pdf,,,国寿安鑫两全保险,,停售,,
中国人寿,http://www.e-chinalife.com//files/policy/066.pdf,,,国寿永泰团体年金保险（A款）（分红型）（2007版）,,停售,,
中国人寿,http://www.e-chinalife.com//files/policy2014/2014029.pdf,,,国寿防癌疾病保险,,停售,,
中国人寿,http://www.e-chinalife.com//files/policy2013/2013105.pdf,,,国寿附加鸿康长期意外伤害保险（2013版）,,停售,,
中国人寿,http://www.e-chinalife.com//files/policy2013/2013104.pdf,,,国寿附加鸿康提前给付重大疾病保险（2013版）,,停售,,
中国人寿,http://www.e-chinalife.com//files/policy2013/2013103.pdf,,,国寿鸿康两全保险（2013版）,,停售,,
中国人寿,http://www.e-chinalife.com//files/policy2013/2013022.pdf,,,国寿关爱银行职员定期疾病保险,,停售,,
中国人寿,http://www.e-chinalife.com//files/policy2013/2013006.pdf,,,国寿鑫裕养老年金保险（分红型）,,停售,,
中国人寿,http://www.e-chinalife.com//files/policy2013/2013004.pdf,,,国寿鑫裕定期重大疾病保险,,停售,,
中国人寿,http://www.e-chinalife.com//files/policy2013/2013003.pdf,,,国寿鑫裕长期意外伤害保险,,停售,,
中国人寿,http://www.e-chinalife.com//files/policy2016/xiangruizhongshengshouxian.pdf,,,国寿祥瑞终身寿险,,在售,,
中国人寿,http://www.e-chinalife.com//files/policy2016/fujiaxiangyuetiqianjifuzhongji.pdf,,,国寿附加祥悦提前给付重大疾病保险,,在售,,
中国人寿,http://www.e-chinalife.com//files/policy2016/fujiaxiangruitiqianjifuzhongji.pdf,,,国寿附加祥瑞提前给付重大疾病保险,,在售,,
中国人寿,http://www.e-chinalife.com//files/policy2016/2016_18.pdf,,,国寿个人税收优惠型健康保险（万能型）B款（2016版）,,在售,,
中国人寿,http://www.e-chinalife.com//files/policy2016/2016_17.pdf,,,国寿个人税收优惠型健康保险（万能型）A款（2016版）,,在售,,
中国人寿,http://www.e-chinalife.com//files/policy2016/2016_15.pdf,,,国寿附加康宁提前给付重大疾病保险,,在售,,
中国人寿,http://www.e-chinalife.com//files/policy2016/2016_14.pdf,,,国寿康宁终身寿险（万能型）,,在售,,
中国人寿,http://www.e-chinalife.com//files/policy2016/2016_13.pdf,,,国寿康惠终身重大疾病保险,,在售,,
中国人寿,http://www.e-chinalife.com//files/policy2016/2016_12.pdf,,,国寿康元终身重大疾病保险,,在售,,
中国人寿,http://www.e-chinalife.com//files/policy2016/2016_08.pdf,,,国寿附加两保一孤疾病身故团体定期寿险,,在售,,
中国人寿,http://www.e-chinalife.com//files/policy2016/2016_07.pdf,,,国寿附加两保一孤团体重大疾病保险,,在售,,
中国人寿,http://www.e-chinalife.com//files/policy2016/2016_06.pdf,,,国寿两保一孤团体意外伤害保险,,在售,,
中国人寿,http://www.e-chinalife.com//files/policy2011/kangxinzhongshengzhongji.pdf,,,国寿康欣终身重大疾病保险,,停售,,
中国人寿,http://www.e-chinalife.com//files/policy2011/fujiahongkangzhizun.pdf,,,国寿附加鸿康至尊版重大疾病保险,,停售,,
中国人寿,http://www.e-chinalife.com//files/policy2011/hongkangzhizunliangquan.pdf,,,国寿鸿康至尊版两全保险,,停售,,
中国人寿,http://www.e-chinalife.com/\files\policy2011\fujiashemianzhongji_A.pdf,,,国寿附加豁免保险费重大疾病保险（A款）,,停售,,
中国人寿,http://www.e-chinalife.com/\files\policy2011\kangningzhongji_2012.pdf,,,国寿康宁终身重大疾病保险（2012版）,,停售,,
中国人寿,http://www.e-chinalife.com//files/policy2011/fujiazhongdajibing-A.pdf,,,国寿附加重大疾病保险（A款）,,停售,,
中国人寿,http://www.e-chinalife.com//files/policy2011/fujiakangyouzhongji.pdf,,,国寿附加康友重大疾病保险（2010版）,,停售,,
中国人寿,http://www.e-chinalife.com//files/policy/xiangtaidingqi.pdf,,,国寿祥泰定期寿险,,停售,,
中国人寿,http://www.e-chinalife.com//files/policy1/052.pdf,,,国寿鸿盛终身保险（分红型）（2003版）,,停售,,
中国人寿,http://www.e-chinalife.com//files/policy1/051.pdf,,,国寿附加关爱一生长期健康保险,,停售,,
中国人寿,http://www.e-chinalife.com//files/policy1/050.pdf,,,子女教育保险（B）条款,,停售,,
中国人寿,http://www.e-chinalife.com//files/policy1/049.pdf,,,子女教育保险（A）,,停售,,
中国人寿,http://www.e-chinalife.com//files/policy2016/2016_04.pdf,,,国寿指定场所团体意外伤害保险,,在售,,
中国人寿,http://www.e-chinalife.com//files/policy2016/2016_02.pdf,,,国寿全球旅行医疗救援团体意外伤害保险,,在售,,
中国人寿,http://www.e-chinalife.com//files/policy2016/2016_01.pdf,,,国寿全球旅行医疗救援意外伤害保险,,在售,,
中国人寿,http://www.e-chinalife.com//files/policy2015/2015_09.pdf,,,国寿附加豁免保险费重大疾病保险利益条款,,在售,,
中国人寿,http://www.e-chinalife.com//files/policy2015/2015_08.pdf,,,国寿病员安康团体意外伤害保险条款,,在售,,
中国人寿,http://www.e-chinalife.com//files/policy2015/duanqibaoxianjibentiaokuan.pdf,,,中国人寿保险股份有限公司短期保险基本条款,,在售,,
中国人寿,http://www.e-chinalife.com//files/policy2015/guanainvxingtdjb_A.pdf,,,国寿关爱女性特定疾病保险（A款）,,在售,,
中国人寿,http://www.e-chinalife.com//files/policy2015/fjhuomianbxfdingqisxdiancang.pdf,,,国寿附加豁免保险费定期寿险（典藏版）,,在售,,
中国人寿,http://www.e-chinalife.com//files/policy2015/dljmftlxzhywsh.pdf,,,国寿大陆居民赴台旅行综合意外伤害保险,,在售,,
中国人寿,http://www.e-chinalife.com//files/policy2015/shoushuyiwaishanghai_A.pdf,,,国寿手术意外伤害保险（A款）,,在售,,
中国人寿,http://www.e-chinalife.com//files/policy2015/2015_02.pdf,,,国寿安心贷借款人意外伤害保险（A款）,,在售,,
中国人寿,http://www.e-chinalife.com//files/policy2014/2014046.pdf,,,国寿小额贷款借款人意外伤害保险（2014版）,,在售,,
中国人寿,http://www.e-chinalife.com//files/policy1/048.pdf,,,国寿英才少儿保险,,停售,,
中国人寿,http://www.e-chinalife.com//files/policy1/047.pdf,,,附加定期保险（B型）,,停售,,
中国人寿,http://www.e-chinalife.com//files/policy1/046.pdf,,,附加定期保险（A型）,,停售,,
中国人寿,http://www.e-chinalife.com//files/policy1/045.pdf,,,康宁终身保险条款（2007修订版）,,停售,,
中国人寿,http://www.e-chinalife.com//files/policy1/044.pdf,,,康宁定期保险条款（2007修订版）,,停售,,
中国人寿,http://www.e-chinalife.com//files/policy1/043.pdf,,,国寿康裕重大疾病保险,,停售,,
中国人寿,http://www.e-chinalife.com//files/policy1/042.pdf,,,国寿康恒重大疾病保险,,停售,,
中国人寿,http://www.e-chinalife.com//files/policy1/041.pdf,,,国寿永泰团体年金保险（分红型）条款（2003版）,,停售,,
中国人寿,http://www.e-chinalife.com//files/policy1/040.pdf,,,国寿鸿瑞两全保险（分红型）,,停售,,
中国人寿,http://www.e-chinalife.com//files/policy1/039.pdf,,,国寿康宁重大疾病保险（分红型）,,停售,,
中国人寿,http://www.e-chinalife.com//files/policy1/038.pdf,,,国寿恒信理财两全保险,,停售,,
中国人寿,http://www.e-chinalife.com//files/policy1/037.pdf,,,国寿永泰团体年金保险（分红型）,,停售,,
中国人寿,http://www.e-chinalife.com//files/policy2014/2014044.pdf,,,国寿农村小额扶贫贷款借款人意外伤害保险（2014版）,,在售,,
中国人寿,http://www.e-chinalife.com//files/policy2014/2014042.pdf,,,国寿康复金重大疾病保险,,在售,,
中国人寿,http://www.e-chinalife.com//files/policy2014/2014041.pdf,,,国寿境外紧急救援医疗保险,,在售,,
中国人寿,http://www.e-chinalife.com//files/policy2014/2014035.pdf,,,国寿附加祥和定期寿险（2014版）,,在售,,
中国人寿,http://www.e-chinalife.com//files/policy2014/2014030.pdf,,,国寿附加安鑫长期意外伤害保险（2014版）,,在售,,
中国人寿,http://www.e-chinalife.com//files/policy2014/2014028.pdf,,,国寿安鑫两全保险（2014版）,,在售,,
中国人寿,http://www.e-chinalife.com//files/policy2014/2014027.pdf,,,国寿安心贷借款人意外伤害保险（2014版）,,在售,,
中国人寿,http://www.e-chinalife.com//files/policy2014/2014020.pdf,,,国寿农村小额团体交通意外伤害保险,,在售,,
中国人寿,http://www.e-chinalife.com//files/policy2014/2014019.pdf,,,国寿农村小额扶贫贷款借款人团体意外伤害保险（2014版）,,在售,,
中国人寿,http://www.e-chinalife.com//files/policy2014/2014017.pdf,,,国寿绿洲伤残团体意外伤害保险,,在售,,
中国人寿,http://www.e-chinalife.com//files/policy2014/2014015.pdf,,,国寿境外紧急救援团体意外伤害保险,,在售,,
中国人寿,http://www.e-chinalife.com//files/policy2014/2014013.pdf,,,国寿计划生育节育手术团体意外伤害保险,,在售,,
中国人寿,http://www.e-chinalife.com//files/policy1/033.pdf,,,国寿团体重大疾病保险,,停售,,
中国人寿,http://www.e-chinalife.com//files/policy1/032.pdf,,,国寿分红终身保险,,停售,,
中国人寿,http://www.e-chinalife.com//files/policy1/031.pdf,,,国寿分红两全保险,,停售,,
中国人寿,http://www.e-chinalife.com//files/policy1/030.pdf,,,国寿生命绿荫疾病保险,,停售,,
中国人寿,http://www.e-chinalife.com//files/policy1/029.pdf,,,国寿生命绿荫团体疾病保险,,停售,,
中国人寿,http://www.e-chinalife.com//files/policy1/028.pdf,,,国寿个人养老金保险,,停售,,
中国人寿,http://www.e-chinalife.com//files/policy1/027.pdf,,,国寿松鹤养老金保险,,停售,,
中国人寿,http://www.e-chinalife.com//files/policy1/026.pdf,,,国寿如意两全保险,,停售,,
中国人寿,http://www.e-chinalife.com//files/policy1/025.pdf,,,国寿简易人身保险,,停售,,
中国人寿,http://www.e-chinalife.com//files/policy1/024.pdf,,,康宁终身保险,,停售,,
中国人寿,http://www.e-chinalife.com//files/policy1/023.pdf,,,康宁定期保险,,停售,,
中国人寿,http://www.e-chinalife.com//files/policy1/022.pdf,,,安居定期保险,,停售,,
中国人寿,http://www.e-chinalife.com//files/policy2013/2013099.pdf,,,国寿综合意外伤害保险（2013版）,,在售,,
中国人寿,http://www.e-chinalife.com//files/policy2013/2013097.pdf,,,国寿指定场所意外伤害保险（2013版）,,在售,,
中国人寿,http://www.e-chinalife.com//files/policy2013/2013096.pdf,,,国寿执法人员团体意外伤害保险(2013版),,在售,,
中国人寿,http://www.e-chinalife.com//files/policy2013/2013095.pdf,,,国寿优生优育家庭意外伤害保险（2013版）,,在售,,
中国人寿,http://www.e-chinalife.com//files/policy2013/2013094.pdf,,,国寿学生儿童意外伤害保险（2013版）,,在售,,
中国人寿,http://www.e-chinalife.com//files/policy2013/2013093.pdf,,,国寿学生儿童伤残意外伤害保险（2013版）,,在售,,
中国人寿,http://www.e-chinalife.com//files/policy2013/2013092.pdf,,,国寿校园意外伤害保险（2013版）,,在售,,
中国人寿,http://www.e-chinalife.com//files/policy2013/2013091.pdf,,,国寿小额意外伤害保险（2013版）,,在售,,
中国人寿,http://www.e-chinalife.com//files/policy2013/2013090.pdf,,,国寿小额团体意外伤害保险（2013版）,,在售,,
中国人寿,http://www.e-chinalife.com//files/policy2013/2013088.pdf,,,国寿夕阳红意外伤害保险（2013版）,,在售,,
中国人寿,http://www.e-chinalife.com//files/policy2013/2013087.pdf,,,国寿通泰交通意外伤害保险（B款）（2013版）,,在售,,
中国人寿,http://www.e-chinalife.com//files/policy2013/2013086.pdf,,,国寿通泰交通意外伤害保险（A款）（2013版）,,在售,,
中国人寿,http://www.e-chinalife.com//files/policy1/021.pdf,,,祥瑞终身保险,,停售,,
中国人寿,http://www.e-chinalife.com//files/policy1/020.pdf,,,祥瑞还本终身保险,,停售,,
中国人寿,http://www.e-chinalife.com//files/policy1/019.pdf,,,祥运定期保险,,停售,,
中国人寿,http://www.e-chinalife.com//files/policy1/018.pdf,,,祥和定期保险,,停售,,
中国人寿,http://www.e-chinalife.com//files/policy1/017.pdf,,,国寿鸿阳两全保险（分红型）,,停售,,
中国人寿,http://www.e-chinalife.com//files/policy1/016.pdf,,,国寿穗穗红两全保险（分红型）,,停售,,
中国人寿,http://www.e-chinalife.com//files/policy1/015.pdf,,,国寿附加鸿康提前给付重大疾病保险,,停售,,
中国人寿,http://www.e-chinalife.com//files/policy1/014.pdf,,,国寿鸿康两全保险（分红型）,,停售,,
中国人寿,http://www.e-chinalife.com//files/policy1/013.pdf,,,国寿永泰团体年金保险（A款）（分红型）条款（2007版）,,停售,,
中国人寿,http://www.e-chinalife.com//files/policy1/012.pdf,,,国寿康安团体补充医疗保险,,停售,,
中国人寿,http://www.e-chinalife.com//files/policy1/011.pdf,,,国寿永泰团体年金保险（A款）（分红型）,,停售,,
中国人寿,http://www.e-chinalife.com//files/policy1/010.pdf,,,国寿康宁终身重大疾病保险（B款）,,停售,,
中国人寿,http://www.e-chinalife.com//files/policy2013/2013085.pdf,,,国寿神州紧急救援意外伤害保险（2013版）,,在售,,
中国人寿,http://www.e-chinalife.com//files/policy2013/2013084.pdf,,,国寿如E学生儿童意外伤害保险（2013版）,,在售,,
中国人寿,http://www.e-chinalife.com//files/policy2013/2013083.pdf,,,国寿燃气用户人身意外伤害保险（2013版）,,在售,,
中国人寿,http://www.e-chinalife.com//files/policy2013/2013082.pdf,,,国寿全家福意外伤害保险（2013版）,,在售,,
中国人寿,http://www.e-chinalife.com//files/policy2013/2013080.pdf,,,国寿农村小额意外伤害保险（2013版）,,在售,,
中国人寿,http://www.e-chinalife.com//files/policy2013/2013079.pdf,,,国寿农村小额团体意外伤害保险（2013版）,,在售,,
中国人寿,http://www.e-chinalife.com//files/policy2013/2013078.pdf,,,国寿农村小额全家福意外伤害保险（2013版）,,在售,,
中国人寿,http://www.e-chinalife.com//files/policy2013/2013077.pdf,,,国寿农村小额交通意外伤害保险（2013版）,,在售,,
中国人寿,http://www.e-chinalife.com//files/policy2013/2013074.pdf,,,国寿母婴安康意外伤害保险（2013版）,,在售,,
中国人寿,http://www.e-chinalife.com//files/policy2013/2013073.pdf,,,国寿煤矿井下职工团体意外伤害保险（2013版）,,在售,,
中国人寿,http://www.e-chinalife.com//files/policy2013/2013072.pdf,,,国寿绿洲团体意外伤害保险（B型）（2013版）,,在售,,
中国人寿,http://www.e-chinalife.com//files/policy2013/2013071.pdf,,,国寿绿洲团体意外伤害保险（A型）（2013版）,,在售,,
中国人寿,http://www.e-chinalife.com//files/policy1/009.pdf,,,国寿康宁终身重大疾病保险（A款）,,停售,,
中国人寿,http://www.e-chinalife.com//files/policy1/008.pdf,,,国寿珍爱一生终身寿险,,停售,,
中国人寿,http://www.e-chinalife.com//files/policy1/007.pdf,,,国寿附加珍爱一生长期健康保险,,停售,,
中国人寿,http://www.e-chinalife.com//files/policy1/006.pdf,,,国寿附加瑞安意外伤害保险,,停售,,
中国人寿,http://www.e-chinalife.com//files/policy1/005.pdf,,,国寿瑞安两全保险（万能型）,,停售,,
中国人寿,http://www.e-chinalife.com//files/policy1/004.pdf,,,国寿关爱成长定期寿险,,停售,,
中国人寿,http://www.e-chinalife.com//files/policy1/003.pdf,,,国寿幸福相伴定期寿险,,停售,,
中国人寿,http://www.e-chinalife.com//files/policy1/002.pdf,,,国寿相伴永远养老年金保险（分红型）,,停售,,
中国人寿,http://www.e-chinalife.com//files/policy1/001.pdf,,,国寿鸿宝两全保险（分红型）,,停售,,
中国人寿,http://www.e-chinalife.com//files/policy/062.pdf,,,国寿团体重大疾病保险（2007修订版）,,停售,,
中国人寿,http://www.e-chinalife.com//files/policy/059.pdf,,,国寿团体定期寿险,,停售,,
中国人寿,http://www.e-chinalife.com//files/policy/055.pdf,,,国寿康众团体终身重大疾病保险,,停售,,
中国人寿,http://www.e-chinalife.com//files/policy2013/2013070.pdf,,,国寿绿舟意外伤害保险（2013版）,,在售,,
中国人寿,http://www.e-chinalife.com//files/policy2013/2013069.pdf,,,国寿旅游综合人身意外伤害保险（2013版）,,在售,,
中国人寿,http://www.e-chinalife.com//files/policy2013/2013068.pdf,,,国寿旅游意外伤害保险（2013版）,,在售,,
中国人寿,http://www.e-chinalife.com//files/policy2013/2013067.pdf,,,国寿旅行综合意外伤害保险（2013版）,,在售,,
中国人寿,http://www.e-chinalife.com//files/policy2013/2013066.pdf,,,国寿旅行综合团体意外伤害保险（2013版）,,在售,,
中国人寿,http://www.e-chinalife.com//files/policy2013/2013065.pdf,,,国寿旅客意外伤害保险（2013版）,,在售,,
中国人寿,http://www.e-chinalife.com//files/policy2013/2013064.pdf,,,国寿境外紧急救援意外伤害保险（2013版）,,在售,,
中国人寿,http://www.e-chinalife.com//files/policy2013/2013063.pdf,,,国寿建筑工程团体意外伤害保险（2013版）,,在售,,
中国人寿,http://www.e-chinalife.com//files/policy2013/2013062.pdf,,,国寿驾校人员意外伤害保险（2013版）,,在售,,
中国人寿,http://www.e-chinalife.com//files/policy2013/2013061.pdf,,,国寿家庭幸福意外伤害保险（2013版）,,在售,,
中国人寿,http://www.e-chinalife.com//files/policy2013/2013060.pdf,,,国寿计划生育家庭意外伤害保险（A款）（2013版）,,在售,,
中国人寿,http://www.e-chinalife.com//files/policy2013/2013059.pdf,,,国寿计划生育家庭意外伤害保险（2013版）,,在售,,
中国人寿,http://www.e-chinalife.com//files/policy/046.pdf,,,国寿祥福定期寿险,,停售,,
中国人寿,http://www.e-chinalife.com//files/policy/040.pdf,,,国寿美满一生年金保险（分红型）,,停售,,
中国人寿,http://www.e-chinalife.com//files/policy/039.pdf,,,国寿康馨长期护理保险,,停售,,
中国人寿,http://www.e-chinalife.com//files/policy/038.pdf,,,国寿康宁终身重大疾病保险,,停售,,
中国人寿,http://www.e-chinalife.com//files/policy/036.pdf,,,国寿康恒重大疾病保险（2007修订版）,,停售,,
中国人寿,http://www.e-chinalife.com//files/policy/035.pdf,,,国寿金色夕阳养老年金保险（A）,,停售,,
中国人寿,http://www.e-chinalife.com//files/policy/023.pdf,,,国寿关爱生命女性疾病保险（B）,,停售,,
中国人寿,http://www.e-chinalife.com//files/policy/022.pdf,,,国寿关爱生命女性疾病保险（A）,,停售,,
中国人寿,http://www.e-chinalife.com//files/policy/013.pdf,,,国寿附加定期寿险（B款）,,停售,,
中国人寿,http://www.e-chinalife.com//files/policy/012.pdf,,,国寿附加定期寿险（A款）,,停售,,
中国人寿,http://www.e-chinalife.com//files/policy/005.pdf,,,国寿独生子女两全保险,,停售,,
中国人寿,http://www.e-chinalife.com//files/policy2013/2013032.pdf,,,国寿康宁定期重大疾病保险（2013版）,,停售,,
中国人寿,http://www.e-chinalife.com//files/policy2013/2013020.pdf,,,国寿鑫丰两全保险（分红型）,,停售,,
中国人寿,http://www.e-chinalife.com//files/policy2011/xintailiangquan.pdf,,,国寿鑫泰两全保险（分红型）,,停售,,
中国人寿,http://www.e-chinalife.com//files/policy/001.pdf,,,国寿附加鸿康提前给付重大疾病保险（A款）,,停售,,
中国人寿,http://www.e-chinalife.com//files/policy2013/2013058.pdf,,,国寿计划生育妇幼幸福意外伤害保险（2013版）,,在售,,
中国人寿,http://www.e-chinalife.com//files/policy2013/2013056.pdf,,,国寿航空旅客意外伤害保险（B款）（2013版）,,在售,,
中国人寿,http://www.e-chinalife.com//files/policy2013/2013055.pdf,,,国寿航空旅客意外伤害保险（A款）（2013版）,,在售,,
中国人寿,http://www.e-chinalife.com//files/policy2013/2013054.pdf,,,国寿观光景点、娱乐场所人身意外伤害保险（2013版）,,在售,,
中国人寿,http://www.e-chinalife.com//files/policy2013/2013053.pdf,,,国寿个人综合意外伤害保险（2013版）,,在售,,
中国人寿,http://www.e-chinalife.com//files/policy2013/2013052.pdf,,,国寿个人旅游意外伤害保险（2013版）,,在售,,
中国人寿,http://www.e-chinalife.com//files/policy2013/2013051.pdf,,,国寿高危人员团体意外伤害保险（2013版）,,在售,,
中国人寿,http://www.e-chinalife.com//files/policy2013/2013050.pdf,,,国寿附加重大自然灾害意外伤害保险（2013版）,,在售,,
中国人寿,http://www.e-chinalife.com//files/policy2013/2013049.pdf,,,国寿附加重大自然灾害团体意外伤害保险（2013版）,,在售,,
中国人寿,http://www.e-chinalife.com//files/policy2013/2013047.pdf,,,国寿附加学生儿童伤残意外伤害保险（B款）（2013版）,,在售,,
中国人寿,http://www.e-chinalife.com//files/policy2013/2013046.pdf,,,国寿附加学生儿童伤残意外伤害保险（2013版）,,在售,,
中国人寿,http://www.e-chinalife.com//files/policy2013/2013045.pdf,,,国寿附加绿洲伤残团体意外伤害保险（B型）（2013版）,,在售,,
中国人寿,http://www.e-chinalife.com//files/policy2013/2013044.pdf,,,国寿附加绿洲伤残团体意外伤害保险（A型）（2013版）,,在售,,
中国人寿,http://www.e-chinalife.com//files/policy2013/2013043.pdf,,,国寿附加长久呵护意外伤害保险（2013版）,,在售,,
中国人寿,http://www.e-chinalife.com//files/policy2013/2013042.pdf,,,国寿附加长久呵护伤残意外伤害保险(2013版),,在售,,
中国人寿,http://www.e-chinalife.com//files/policy2013/2013041.pdf,,,国寿出境人员意外伤害保险（2013版）,,在售,,
中国人寿,http://www.e-chinalife.com//files/policy2013/2013039.pdf,,,国寿补充工伤团体意外伤害保险（A款）（2013版）,,在售,,
中国人寿,http://www.e-chinalife.com//files/policy2013/2013038.pdf,,,国寿病员安康意外伤害保险（2013版）,,在售,,
中国人寿,http://www.e-chinalife.com//files/policy2013/2013037.pdf,,,国寿安心意外伤害保险（B型）（2013版）,,在售,,
中国人寿,http://www.e-chinalife.com//files/policy2013/2013035.pdf,,,国寿安顺境内外意外伤害保险（2013版）,,在售,,
中国人寿,http://www.e-chinalife.com//files/policy2013/2013034.pdf,,,国寿安全建筑工程团体意外伤害保险（2013版）,,在售,,
中国人寿,http://www.e-chinalife.com//files/policy2013/2013033.pdf,,,国寿e家吉祥送福综合意外伤害保险（2013版）,,在售,,
中国人寿,http://www.e-chinalife.com//files/policy2013/2013031.pdf,,,国寿学生儿童定期寿险（B款）,,在售,,
中国人寿,http://www.e-chinalife.com//files/policy2013/2013029.pdf,,,国寿附加学生儿童住院定额给付医疗保险（B款）,,在售,,
中国人寿,http://www.e-chinalife.com//files/policy2013/2013027.pdf,,,国寿附加学生儿童特定疾病保险（B款）,,在售,,
中国人寿,http://www.e-chinalife.com//files/policy2013/2013026.pdf,,,国寿附加学生儿童特定疾病保险（A款）,,在售,,
中国人寿,http://www.e-chinalife.com//files/policy2013/2013025.pdf,,,国寿附加学生儿童身故意外伤害保险（B款）,,在售,,
中国人寿,http://www.e-chinalife.com//files/policy2013/2013019.pdf,,,国寿城乡居民大病团体医疗保险（B型）,,在售,,
中国人寿,http://www.e-chinalife.com//files/policy2013/2013018.pdf,,,国寿城乡居民大病团体医疗保险（A型）,,在售,,
中国人寿,http://www.e-chinalife.com//files/policy2013/2013010.pdf,,,国寿附加小额意外费用补偿医疗保险,,在售,,
中国人寿,http://www.e-chinalife.com//files/policy2015/2015_01.pdf,,,国寿安心贷借款人定期寿险,,在售,,
中国人寿,http://www.e-chinalife.com//files/policy2011/xiaohetuantitedingjibing.pdf,,,国寿小额团体特定疾病保险,,在售,,
中国人寿,http://www.e-chinalife.com//files/policy2011/xiaohetuantibuchongyiliao.pdf,,,国寿小额团体补充医疗保险,,在售,,
中国人寿,http://www.e-chinalife.com//files/policy2011/chengzhenbuchongtuantiyiliao_2011.pdf,,,国寿城镇居民补充团体医疗保险(2011版),,在售,,
中国人寿,http://www.e-chinalife.com//files/policy2011/xiaoedaikuanjiekuanrendingqishouxian.pdf,,,国寿农村小额扶贫贷款借款人定期寿险,,在售,,
中国人寿,http://www.e-chinalife.com//files/policy/195.pdf,,,国寿肿瘤预防疾病保险,,在售,,
中国人寿,http://www.e-chinalife.com//files/policy/191.pdf,,,国寿学生儿童定期寿险（A款）,,在售,,
中国人寿,http://www.e-chinalife.com//files/policy/188.pdf,,,国寿小额贷款借款人定期寿险,,在售,,
中国人寿,http://www.e-chinalife.com//files/policy/186.pdf,,,国寿团体重大疾病保险（2004版）（2007修订版）,,在售,,
中国人寿,http://www.e-chinalife.com//files/policy/184.pdf,,,国寿团体补充医疗保险（B型）,,在售,,
中国人寿,http://www.e-chinalife.com//files/policy/178.pdf,,,国寿神州紧急救援费用补偿医疗保险,,在售,,
中国人寿,http://www.e-chinalife.com//files/policy/169.pdf,,,国寿农村小额定期寿险（A型）,,在售,,
中国人寿,http://www.e-chinalife.com//files/policy/163.pdf,,,国寿绿舟住院定额给付医疗保险,,在售,,
中国人寿,http://www.e-chinalife.com//files/policy/151.pdf,,,国寿计划生育手术安康意外伤害保险,,在售,,
中国人寿,http://www.e-chinalife.com//files/policy/150.pdf,,,国寿计划生育母婴安康特定疾病保险,,在售,,
中国人寿,http://www.e-chinalife.com//files/policy/149.pdf,,,国寿计划生育母婴安康定期寿险,,在售,,
中国人寿,http://www.e-chinalife.com//files/policy/148.pdf,,,国寿计划生育节育手术意外伤害保险,,在售,,
中国人寿,http://www.e-chinalife.com//files/policy/145.pdf,,,国寿基本人身意外伤害保险,,在售,,
中国人寿,http://www.e-chinalife.com//files/policy/131.pdf,,,国寿附加学生儿童住院定额给付医疗保险,,在售,,
中国人寿,http://www.e-chinalife.com//files/policy/130.pdf,,,国寿附加学生儿童重大疾病保险（A型）,,在售,,
中国人寿,http://www.e-chinalife.com//files/policy/129.pdf,,,国寿附加学生儿童重大疾病保险,,在售,,
中国人寿,http://www.e-chinalife.com//files/policy/127.pdf,,,国寿附加学生儿童身故意外伤害保险,,在售,,
中国人寿,http://www.e-chinalife.com//files/policy/124.pdf,,,国寿附加学生补充医疗保险,,在售,,
中国人寿,http://www.e-chinalife.com//files/policy/123.pdf,,,国寿附加通泰交通意外住院定额给付医疗保险,,在售,,
中国人寿,http://www.e-chinalife.com//files/policy/122.pdf,,,国寿附加通泰交通意外费用补偿医疗保险,,在售,,
中国人寿,http://www.e-chinalife.com//files/policy/121.pdf,,,国寿附加农村小额意外费用补偿医疗保险,,在售,,
中国人寿,http://www.e-chinalife.com//files/policy2014/fjncxeywfybcttyybx.pdf,,,国寿附加农村小额意外费用补偿团体医疗保险,,在售,,
中国人寿,http://www.e-chinalife.com//files/policy/119.pdf,,,国寿附加农村小额交通意外费用补偿医疗保险,,在售,,
中国人寿,http://www.e-chinalife.com//files/policy/118.pdf,,,国寿附加绿洲住院费用补偿团体医疗保险,,在售,,
中国人寿,http://www.e-chinalife.com//files/policy/117.pdf,,,国寿附加绿洲住院定额给付团体医疗保险,,在售,,
中国人寿,http://www.e-chinalife.com//files/policy/116.pdf,,,国寿附加绿洲重症监护定额给付团体医疗保险,,在售,,
中国人寿,http://www.e-chinalife.com//files/policy/115.pdf,,,国寿附加绿洲意外住院定额给付团体医疗保险,,在售,,
中国人寿,http://www.e-chinalife.com//files/policy/114.pdf,,,国寿附加绿洲意外费用补偿团体医疗保险,,在售,,
中国人寿,http://www.e-chinalife.com//files/policy/113.pdf,,,国寿附加绿洲团体重大疾病保险,,在售,,
中国人寿,http://www.e-chinalife.com//files/policy/112.pdf,,,国寿附加绿洲门诊费用补偿团体医疗保险,,在售,,
中国人寿,http://www.e-chinalife.com//files/policy/111.pdf,,,国寿附加绿洲疾病住院费用补偿团体医疗保险,,在售,,
中国人寿,http://www.e-chinalife.com//files/policy/108.pdf,,,国寿附加绿舟住院费用补偿医疗保险,,在售,,
中国人寿,http://www.e-chinalife.com//files/policy/107.pdf,,,国寿附加绿舟住院定额给付医疗保险,,在售,,
中国人寿,http://www.e-chinalife.com//files/policy/106.pdf,,,国寿附加绿舟重症监护定额给付医疗保险,,在售,,
中国人寿,http://www.e-chinalife.com//files/policy/105.pdf,,,国寿附加绿舟重大疾病保险,,在售,,
中国人寿,http://www.e-chinalife.com//files/policy/104.pdf,,,国寿附加绿舟意外住院定额给付医疗保险,,在售,,
中国人寿,http://www.e-chinalife.com//files/policy/102.pdf,,,国寿附加境外紧急救援医疗保险,,在售,,
中国人寿,http://www.e-chinalife.com//files/policy/095.pdf,,,国寿城镇居民补充团体医疗保险,,在售,,
中国人寿,http://www.e-chinalife.com//files/policy/094.pdf,,,国寿长久呵护住院费用补偿医疗保险,,在售,,
中国人寿,http://www.e-chinalife.com//files/policy/093.pdf,,,国寿长久呵护住院定额给付医疗保险,,在售,,
中国人寿,http://www.e-chinalife.com//files/policy/092.pdf,,,国寿长久呵护意外伤害费用补偿医疗保险,,在售,,
中国人寿,http://www.e-chinalife.com//files/policy/091.pdf,,,国寿长久呵护意外伤害定额给付医疗保险,,在售,,
中国人寿,http://www.e-chinalife.com//files/policy/085.pdf,,,国寿安心意外伤害保险（A型）,,在售,,
中国人寿,http://www.e-chinalife.com//files/policy/084.pdf,,,国寿安翔飞行员失能收入损失保险,,在售,,
中国人寿,http://www.e-chinalife.com//files/policy/056.pdf,,,国寿农村干部团体养老年金保险（分红型）,,在售,,
中国人寿,http://www.e-chinalife.com//files/policy/053.pdf,,,国寿被征地农民团体年金保险（B型）（分红型）,,在售,,
中国人寿,http://www.e-chinalife.com//files/policy/052.pdf,,,国寿被征地农民团体年金保险（A型）,,在售,,
